2,24.0,258.9733421727208,0.0,78.97334217272078
3,25.0,244.17728665644026,24.0,88.17728665644026
4,25.0,229.63121339509829,175.99999999999997,53.631213395098314
5,26.0,223.05542014830365,3.0,46.055420148303625
6,27.0,220.56943455088998,347.0,27.56943455088998
7,27.0,218.32184892441083,0.0,38.32184892441083
8,29.0,216.75359038344325,1.0,37.75359038344325
9,30.0,214.31984027022955,358.0,32.31984027022955
10,31.0,213.06291252530957,175.00000000000003,38.06291252530954
11,32.0,211.1110214484592,214.0,2.888978551540788
12,33.0,209.6758235612252,182.0,27.6758235612252
13,34.0,67.79104127443291,180.0,67.79104127443291
14,33.0,70.0095644003646,1.0,69.0095644003646
15,33.0,72.60606318012087,2.0,70.60606318012087
16,32.0,74.2455604605342,217.00000000000003,142.75443953946584
17,32.0,76.52563105264544,181.0,104.47436894735456
18,32.0,79.20293409981898,180.0,79.20293409981898
19,32.0,81.62205528725679,2.0,79.62205528725679
20,31.0,84.25748087772833,4.0,80.25748087772833
21,31.0,86.13467779589325,214.0,127.86532220410675
22,31.0,88.31755162314758,186.99999999999997,98.68244837685239
23,31.0,91.0815957757752,1.0,87.9184042242248
24,31.0,94.91309311347733,358.0,87.08690688652267
25,32.0,97.62312061696133,178.0,80.37687938303867
26,32.0,98.54570673270997,208.00000000000003,109.45429326729005
27,32.0,101.4587875957563,183.0,81.5412124042437
28,32.0,104.61831325500737,358.0,77.38168674499263
29,33.0,106.26927138106623,182.0,75.73072861893377
30,33.0,108.94030886764197,186.00000000000003,77.05969113235805
31,34.0,109.7143756519529,3.0,67.28562434804712
32,32.0,113.37811998121319,356.0,70.62188001878681
33,33.0,115.39696669213306,182.0,66.60303330786694
34,33.0,116.78653481930417,2.0,61.213465180695835
35,34.0,119.06167516391235,183.0,63.938324836087645
36,34.0,120.05323101023056,208.00000000000003,87.94676898976947
37,37.0,121.68330765188388,328.0,90.31669234811612
38,37.0,124.62767062404906,329.0,86.37232937595094
39,38.0,126.73919507985205,0.0,53.26080492014795
40,39.0,129.30663774952197,4.0,46.693362250478
41,39.0,127.1568800682339,6.0,46.8431199317661
42,39.0,112.72403170414977,24.0,43.275968295850234
43,38.0,95.63788396781791,181.0,85.36211603218209
44,38.0,82.8513115719646,182.0,99.1486884280354
45,38.0,83.70912134409248,181.0,97.29087865590752
46,38.0,84.37941997355098,2.0,82.37941997355098
47,38.0,86.81150393798912,178.0,84.81150393798912
48,38.0,89.42735730995125,4.0,85.42735730995125
49,38.0,91.1617776394236,324.0,124.8382223605764
50,38.0,90.40752470689462,0.0,89.59247529310538
51,38.0,81.67117028579862,67.00000000000001,14.67117028579861
52,38.0,79.41903585581666,355.0,105.58096414418334
53,37.0,80.24328553475432,181.0,100.75671446524568
54,37.0,81.88859910343213,4.0,77.88859910343213
55,37.0,83.58340574636145,2.0,81.58340574636145
56,37.0,84.16419069686033,0.0,84.16419069686033
57,37.0,85.82336065434282,180.0,85.82336065434282
58,37.0,88.99434430530034,311.0,140.00565569469967
59,37.0,90.48467740223202,183.0,92.51532259776798
60,37.0,91.42405750933608,174.0,82.57594249066392
61,37.0,94.67498134610886,38.0,47.325018653891135
62,36.0,96.23232082668568,355.0,88.76767917331432
63,36.0,97.9552193777516,181.0,83.0447806222484
64,36.0,99.42808541964101,177.00000000000003,77.57191458035902
65,36.0,101.12262001597031,178.0,76.87737998402969
66,37.0,101.48657938282844,0.0,78.51342061717156
67,39.0,102.75958839536312,182.0,79.24041160463688
68,39.0,104.33859928408052,182.0,77.66140071591948
69,40.0,106.45706542317109,183.0,76.54293457682891
70,40.0,107.27493284618286,179.0,71.72506715381714
71,41.0,109.3266022081958,29.999999999999996,40.673397791804234
72,42.0,109.95947913754121,188.0,78.04052086245879
73,42.0,111.17748017968678,209.00000000000003,97.82251982031325
74,43.0,113.15477046860536,1.0,65.84522953139464
75,43.0,113.95581788723182,1.0,65.04418211276818
76,44.0,114.9539759334415,1.0,64.0460240665585
77,45.0,116.04419662022954,1.0,62.95580337977046
78,45.0,118.3042845927623,186.00000000000003,67.69571540723773
79,44.0,119.07030934984137,182.0,62.92969065015863
80,44.0,120.97067115438361,0.0,59.02932884561639
81,45.0,121.7620026326901,175.99999999999997,54.23799736730987
82,49.0,123.25622549791808,3.0,53.74377450208195
83,49.0,124.03937751751518,357.0,58.96062248248482
84,50.0,125.92150404220759,181.0,55.07849595779241
85,51.0,127.05956736860479,1.0,51.94043263139521
86,52.0,128.88469583217338,3.0,48.11530416782665
87,53.0,129.63253376749108,0.0,50.36746623250892
88,54.0,131.3380609220853,350.00000000000006,58.661939077914695
89,55.0,132.45340944735258,2.0,45.546590552647416
90,55.0,136.87502330647447,205.0,68.12497669352553
91,56.0,149.8919962407113,205.0,55.10800375928869
92,55.0,163.65367903001302,7.0,9.346320969986976
93,55.0,163.73870433944808,25.0,8.738704339448077
94,55.0,151.0542897565224,156.0,4.945710243477606
95,55.0,140.5811875106917,181.0,40.418812489308294
96,55.0,125.7249377651127,358.0,56.2750622348873
97,54.0,109.66115204531846,1.0,69.33884795468154
98,54.0,91.70170132028912,0.0,88.29829867971088
99,53.0,79.27624922884831,162.0,61.276249228848314
100,53.0,75.74044859608816,181.0,105.25955140391184
101,53.0,75.12195545931162,3.0,72.12195545931162
102,53.0,77.11677090522365,212.0,134.88322909477637
103,53.0,78.0003226690591,182.0,103.9996773309409
104,53.0,78.78081608379392,190.0,111.21918391620608
105,52.0,71.88239054181761,4.0,67.88239054181761
106,52.0,61.40942992113555,39.0,22.409429921135548
107,51.0,61.620011673902006,183.0,121.37998832609799
108,51.0,59.476481776016406,174.0,53.476481776016406
109,50.0,60.14417525394,2.0,58.14417525394
110,50.0,60.86900492078129,2.0,58.86900492078129
111,49.0,61.27576538202276,186.00000000000003,124.72423461797726
112,48.0,62.264445309216605,0.0,62.264445309216605
113,48.0,63.368972237587904,351.99999999999994,124.63102776241209
114,47.0,64.73384509345432,2.0,62.73384509345432
115,47.0,65.65475929594456,179.0,64.65475929594456
116,46.0,67.49188781351529,181.0,113.50811218648471
117,46.0,68.5762292944895,181.0,112.4237707055105
118,46.0,69.31467399695794,356.0,114.68532600304206
119,45.0,69.28898689164967,180.0,69.28898689164967
120,45.0,71.15328168645428,4.0,67.15328168645428
121,45.0,72.35009292536111,38.0,34.35009292536111
122,44.0,73.54832673024815,0.0,73.54832673024815
123,44.0,75.45985954858287,41.0,34.45985954858287
124,44.0,75.83748763432081,3.0,72.83748763432081
125,44.0,77.16801490785232,2.0,75.16801490785232
126,43.0,78.74825448548557,1.0,77.74825448548557
127,43.0,80.04003236366297,185.0,104.95996763633703
128,43.0,82.0699056533431,181.0,98.9300943466569
129,43.0,83.58088372649394,1.0,82.58088372649394
130,43.0,85.44529728478945,5.0,80.44529728478945
131,43.0,85.98399087015449,3.0,82.98399087015449
132,43.0,88.73813690862835,186.00000000000003,97.26186309137168
133,43.0,90.10297066152893,182.0,91.89702933847107
134,44.0,90.84415081585908,1.0,88.15584918414092
135,44.0,92.7785677305327,3.0,84.22143226946733
136,44.0,95.39269616297528,0.0,84.60730383702472
137,44.0,96.72966538698071,184.0,87.27033461301929
138,45.0,98.01159872967683,359.0,82.98840127032317
139,45.0,99.50290313647818,0.0,80.49709686352182
140,46.0,101.81853550818857,2.0,76.18146449181143
141,46.0,103.67495716752052,4.0,72.32504283247945
142,46.0,105.75937853604502,191.0,85.24062146395498
143,47.0,107.17976789309392,1.0,71.82023210690608
144,47.0,111.41862927002825,209.00000000000003,97.58137072997178
145,47.0,125.54209126584756,205.0,79.45790873415244
146,47.0,141.33785324882456,1.0,37.66214675117544
147,48.0,156.48606189798573,206.99999999999997,50.51393810201424
148,48.0,172.2606932599638,206.00000000000003,33.73930674003623
149,48.0,188.3861337466115,181.0,7.386133746611506
150,48.0,190.09872334909275,226.00000000000003,35.90127665090728
151,49.0,188.4326452237848,0.0,8.432645223784789
152,51.0,188.89925680519,4.0,12.89925680519002
153,52.0,188.495774389708,182.0,6.495774389708004
154,52.0,193.75179321804876,210.0,16.24820678195124
155,51.0,207.59919307091252,14.999999999999998,42.59919307091255
156,48.0,225.94588248208018,0.0,45.94588248208018
157,51.0,218.49367852079024,157.0,61.49367852079024
158,51.0,207.06353283261026,21.0,48.063532832610264
159,51.0,192.55373821599568,5.0,17.55373821599565
160,51.0,178.05445950477844,2.0,0.05445950477843553
161,51.0,161.50279388958913,206.00000000000003,44.4972061104109
162,50.0,144.8054394705043,26.000000000000004,9.194560529495732
163,50.0,132.13082382518058,24.0,23.869176174819415
164,50.0,116.19551392474402,178.0,61.80448607525598
165,50.0,104.7232889029088,333.99999999999994,101.27671109709122
166,50.0,115.28823488164304,210.0,94.71176511835696
167,50.0,127.53803769904842,212.0,84.46196230095158
168,50.0,134.4795626725111,178.0,43.52043732748891
169,50.0,120.42915514418873,4.0,55.570844855811245
170,49.0,105.45740141944582,181.0,75.54259858055418
171,49.0,99.84952271658202,213.0,113.15047728341798
172,49.0,111.43174933917348,329.0,99.56825066082652
173,50.0,122.9556461773781,208.00000000000003,85.04435382262193
174,50.0,139.81152222480824,213.0,73.18847777519176
175,50.0,155.38251106149443,206.00000000000003,50.6174889385056
176,50.0,171.98336047824424,209.00000000000003,37.01663952175579
177,50.0,174.27450540363384,227.0,52.72549459636616
178,50.0,172.57092187541855,209.00000000000003,36.42907812458148
179,50.0,188.07708878048706,182.0,6.07708878048706
180,49.0,203.31761161335132,2.0,25.317611613351318
181,49.0,219.74797965314264,205.0,14.747979653142636
182,48.0,236.63185427007943,210.0,26.63185427007943
183,48.0,249.63883604784857,338.0,47.63883604784857
184,48.0,265.437543718156,7.0,92.43754371815601
185,48.0,267.8801976161616,3.0,90.88019761616155
186,48.0,267.5064748548349,3.0,90.50647485483486
187,48.0,266.0444486237217,39.0,125.04444862372168
188,48.0,264.6147506211144,178.0,86.61475062111441
189,48.0,264.06346533691203,333.99999999999994,58.063465336912
190,48.0,276.919795150613,206.99999999999997,56.08020484938697
191,47.0,288.08126274757444,310.0,21.918737252425558
192,47.0,284.8863167946265,4.0,108.88631679462654
193,45.0,284.45032223304236,7.0,111.45032223304236
194,44.0,282.5705391155999,186.00000000000003,71.42946088440016
195,44.0,280.7365081176128,1.0,101.7365081176128
196,44.0,279.4785113219713,2.0,101.47851132197133
197,46.0,277.8975566160674,3.0,100.89755661606736
198,46.0,276.65933232577487,175.99999999999997,100.6593323257749
199,46.0,276.00541036763764,1.0,97.00541036763764
200,46.0,274.77495504386263,1.0,95.77495504386263
201,46.0,272.940714160305,178.0,94.94071416030499
202,46.0,271.4098049314119,5.0,96.40980493141186
203,46.0,270.7414089177918,8.0,98.74140891779174
204,46.0,268.8568788547921,41.0,129.85687885479211
205,46.0,267.62410007988575,181.0,86.62410007988575
206,46.0,265.7974255160061,177.00000000000003,88.79742551600609
207,46.0,264.9202492324747,5.0,89.92024923247467
208,47.0,263.68890328014805,173.0,90.68890328014805
209,47.0,262.6369472101071,177.00000000000003,85.63694721010708
210,47.0,261.4172391207627,359.0,80.4172391207627
211,47.0,259.78700442809924,223.0,36.78700442809924
212,48.0,258.34964332367747,5.0,83.34964332367744
213,48.0,257.20776985382724,7.0,84.20776985382724
214,49.0,255.5194984929224,7.0,82.5194984929224
215,49.0,253.2308861534491,6.0,79.23088615344909
216,50.0,250.95315535128208,208.00000000000003,42.95315535128205
217,48.0,251.5004077843271,4.0,75.50040778432714
218,48.0,250.04964276417184,177.00000000000003,73.04964276417181
219,51.0,249.10569543229911,6.0,75.10569543229911
220,49.0,247.03930487633056,3.0,70.03930487633053
221,53.0,246.1665150405324,1.0,67.1665150405324
222,53.0,245.88517336442933,4.0,69.88517336442936
223,54.0,244.07220057411772,6.0,70.07220057411772
224,54.0,242.8827988613162,7.0,69.88279886131619
225,55.0,241.6585689404148,6.0,67.6585689404148
226,56.0,240.97290454555093,181.0,59.97290454555093
227,54.0,239.83712395786148,1.0,60.83712395786148
228,57.0,238.88557396151617,6.0,64.88557396151617
229,58.0,238.91898379530102,206.00000000000003,32.91898379530099
230,58.0,250.00736500963683,206.99999999999997,43.00736500963686
231,57.0,263.69182303520165,210.0,53.69182303520165
232,57.0,281.2525865703771,206.00000000000003,52.74741342962284
233,57.0,297.8208483304102,333.0,35.17915166958983
234,57.0,316.34748573235277,208.00000000000003,15.652514267647291
235,56.0,329.69720926620204,183.0,27.302790733797963
236,56.0,326.88611684224554,4.0,150.88611684224557
237,54.0,326.5429817032007,4.0,150.54298170320075
238,53.0,326.3697188548344,5.0,151.36971885483436
239,52.0,325.6242279125724,3.0,148.62422791257237
240,51.0,324.8387198753662,6.0,150.83871987536622
241,50.0,325.2031952138686,4.0,149.2031952138686
242,49.0,324.174475374838,1.0,145.17447537483798
243,47.0,323.1424642940319,185.0,31.857535705968075
244,46.0,321.9611445257675,3.0,144.96114452576748
245,45.0,320.69451556697123,5.0,145.6945155669712
246,44.0,319.7349688064792,173.0,146.73496880647917
247,41.0,318.4988879019845,175.99999999999997,142.49888790198455
248,40.0,317.06294439095063,175.00000000000003,142.0629443909506
249,39.0,315.6264542325124,177.00000000000003,138.62645423251237
250,40.0,313.53490787833385,4.0,137.53490787833388
251,39.0,313.2815541680389,6.0,139.2815541680389
252,38.0,312.39581862680757,2.0,134.39581862680757
253,37.0,311.0987723597714,1.0,132.09877235977137
254,36.0,309.8088257947662,2.0,131.80882579476622
255,35.0,308.0352489701131,7.0,135.03524897011312
256,34.0,305.0893229009026,173.0,132.08932290090257
257,33.0,304.600726696156,6.0,130.60072669615602
258,33.0,302.7620875915675,175.99999999999997,126.76208759156751
259,32.0,302.7122419804682,2.0,124.7122419804682
260,31.0,300.69195718336744,174.0,126.69195718336744
261,31.0,298.84036713279625,2.0,120.84036713279625
262,30.0,296.0722900309376,175.99999999999997,120.07229003093764
263,29.0,292.65960310162234,177.00000000000003,115.65960310162231
264,27.0,290.57635732405663,2.0,112.57635732405663
265,28.0,288.4810068612829,181.0,70.51899313871712
266,28.0,285.4899874513677,6.0,111.48998745136771
267,28.0,284.0851639890887,173.0,111.0851639890887
268,28.0,281.534296445709,208.00000000000003,50.46570355429105
269,27.0,280.9232341349637,4.0,104.92323413496374
270,27.0,278.92891820070497,2.0,100.92891820070497
271,27.0,277.16871146736617,7.0,104.16871146736617
272,27.0,274.0031457459892,5.0,99.00314574598914
273,27.0,272.40622956299813,5.0,97.4062295629981
274,27.0,268.5544470594233,228.00000000000003,40.55444705942327
275,27.0,265.7513508996342,4.0,89.75135089963422
276,27.0,262.759131624131,183.0,79.75913162413099
277,27.0,260.7308825737224,5.0,85.73088257372237
278,28.0,258.0468907070636,5.0,83.04689070706357
279,28.0,256.1557089293139,328.0,44.1557089293139
280,29.0,254.09736374526426,3.0,77.09736374526423
281,29.0,249.90490545693143,3.0,72.9049054569314
282,30.0,248.2284877542262,6.0,74.2284877542262
283,30.0,245.57363162756837,5.0,70.57363162756835
284,31.0,243.23494389866363,5.0,68.2349438986636
285,31.0,241.98909499857263,7.0,68.98909499857263
286,32.0,238.84775422662767,5.0,63.84775422662764
287,33.0,237.37343795073144,4.0,61.37343795073147
288,34.0,235.99057800303166,4.0,59.990578003031686
289,34.0,234.8737159537286,2.0,56.873715953728606
290,35.0,233.1960349789988,3.0,56.19603497899877
291,36.0,231.49277156073708,5.0,56.492771560737054
292,35.0,229.11366514430904,177.00000000000003,52.11366514430901
293,36.0,227.3825314505836,175.99999999999997,51.38253145058363
294,37.0,225.90906288121457,0.0,45.90906288121457
295,39.0,226.47800305644168,4.0,50.47800305644171
296,40.0,224.98806870527136,1.0,45.98806870527136
297,41.0,222.97188222443165,3.0,45.971882224431624
298,42.0,222.36686837737568,177.00000000000003,45.36686837737565
299,43.0,220.0028270975213,175.99999999999997,44.00282709752133
300,44.0,220.12356546266673,175.00000000000003,45.123565462666704
301,44.0,314.4801270265517,1.0,135.4801270265517
302,43.0,312.9596756330503,4.0,136.95967563305035
303,42.0,311.6004317958895,5.0,136.60043179588948
304,41.0,310.14702980995276,2.0,132.14702980995276
305,40.0,310.0022098071703,175.99999999999997,134.00220980717032
306,39.0,308.6765855014767,2.0,130.67658550147672
307,38.0,307.2675474216466,2.0,129.2675474216466
308,38.0,305.3919224509783,4.0,129.39192245097834
309,37.0,304.43905248958106,178.0,126.43905248958106
310,36.0,303.2065915372402,6.0,129.20659153724017
311,36.0,302.42076402284056,229.00000000000003,8.579235977159442
312,35.0,303.40609956127264,171.0,132.40609956127264
313,34.0,301.98904919805,6.0,127.98904919805
314,33.0,299.7245996850557,8.0,127.72459968505567
315,33.0,297.4076738723326,5.0,122.4076738723326
316,32.0,295.25731364102506,188.0,56.74268635897488
317,32.0,295.0692373156921,4.0,119.0692373156921
318,31.0,294.5573501209036,175.00000000000003,119.55735012090358
319,31.0,292.67175692136493,1.0,113.67175692136493
320,30.0,290.6003618895321,2.0,112.60036188953211
321,30.0,287.2268070366607,178.0,109.22680703666072
322,28.0,284.82703725215214,174.0,110.82703725215214
323,28.0,285.8637172303713,261.0,6.863717230371321
324,27.0,285.70610653880476,1.0,106.70610653880476
325,27.0,280.8399242170519,3.0,103.83992421705184
326,27.0,277.1740922431966,174.0,103.17409224319658
327,28.0,277.3593959770497,9.0,106.3593959770497
328,28.0,276.10631423673874,3.0,99.10631423673871
329,28.0,273.84684265910266,2.0,95.84684265910266
330,28.0,270.70560353460445,209.00000000000003,60.29439646539555
331,28.0,267.96326193470037,209.00000000000003,58.96326193470034
332,28.0,265.59516646354086,5.0,90.59516646354083
333,28.0,262.98729587593556,228.00000000000003,34.98729587593553
334,29.0,262.1963754348937,233.0,29.196375434893696
335,29.0,260.0279551777827,178.0,82.0279551777827
336,29.0,257.201133205552,211.0,46.201133205552026
337,29.0,255.04249074236418,178.0,77.04249074236418
338,30.0,252.14634607031886,5.0,77.14634607031883
339,30.0,250.15423654311837,175.99999999999997,74.1542365431184
340,30.0,248.94633327458882,1.0,69.94633327458882
341,31.0,246.5649111612162,178.0,68.5649111612162
342,32.0,244.31562460702224,5.0,69.31562460702222
343,32.0,241.53305568076075,9.0,70.53305568076075
344,33.0,241.18524738482722,142.0,99.18524738482722
345,33.0,240.09236469601205,184.0,56.092364696012055
346,34.0,239.66068162540807,0.0,59.660681625408074
347,35.0,236.8089440193787,180.0,56.808944019378714
348,35.0,235.26705532630487,3.0,58.26705532630484
349,36.0,233.81465889016414,175.99999999999997,57.81465889016417
350,37.0,231.5516577982616,1.0,52.5516577982616
351,38.0,38.83685822395482,358.0,143.16314177604517
352,37.0,39.31507464844032,0.0,39.31507464844032
353,34.0,41.01114867405567,182.0,140.98885132594432
354,33.0,42.53983867675137,3.0,39.53983867675137
355,32.0,44.32994530017333,136.0,0.32994530017333545
356,31.0,46.08766281736422,181.0,134.91233718263578
357,32.0,46.9673239838507,1.0,45.9673239838507
358,30.0,48.81907986760664,179.0,47.81907986760664
359,29.0,49.741154962086966,4.0,45.741154962086966
360,28.0,52.29988597266441,3.0,49.29988597266441
361,28.0,54.38467182179347,359.0,126.61532817820654
362,29.0,56.02194590695072,358.0,125.97805409304928
363,28.0,57.05540548941079,181.0,123.94459451058921
364,28.0,59.26695970862861,181.0,121.7330402913714
365,27.0,61.47399322059902,232.0,170.52600677940097
366,26.0,64.96284763748008,177.00000000000003,61.96284763748008
367,26.0,66.9845700557206,70.0,3.015429944279404
368,26.0,68.1341731330926,229.99999999999997,161.86582686690735
369,25.0,71.39556928239172,76.0,4.604430717608281
370,25.0,73.19419466806583,181.0,107.80580533193417
371,25.0,76.90004621980327,328.0,135.09995378019673
372,24.0,79.6055756759271,3.0,76.6055756759271
373,24.0,84.41749951945154,332.00000000000006,123.58250048054849
374,24.0,88.70432200884085,226.00000000000003,137.29567799115918
375,24.0,87.29112259968183,183.0,95.70887740031817
376,24.0,90.57293153992714,189.0,98.42706846007286
377,24.0,92.89809491370661,2.0,85.10190508629339
378,24.0,95.39665016724781,182.0,86.60334983275219
379,24.0,95.02629554497898,189.0,93.97370445502102
380,24.0,98.23681049294333,190.0,91.76318950705667
381,24.0,99.75364592447032,188.0,88.24635407552968
382,25.0,104.3033273788203,5.0,70.69667262117973
383,25.0,106.60820236733649,3.0,70.39179763266354
384,25.0,108.83006092065398,6.0,65.16993907934602
385,26.0,113.28519802428465,178.0,64.71480197571535
386,26.0,115.73053293854835,229.00000000000003,113.26946706145168
387,26.0,115.8068331238509,230.99999999999997,115.19316687614908
388,27.0,116.08918882829002,230.99999999999997,114.91081117170995
389,28.0,118.90349148828318,3.0,58.09650851171685
390,28.0,118.26562415000798,248.0,129.73437584999203
391,29.0,117.18635538391872,1.0,61.81364461608128
392,29.0,115.08697581024846,230.99999999999997,115.91302418975151
393,29.0,115.99554097989626,177.00000000000003,61.004459020103766
394,30.0,111.1527541960209,204.0,92.8472458039791
395,30.0,280.92435705854683,137.99999999999997,10.924357058546832
396,30.0,276.1011141302522,130.0,6.101114130252199
397,30.0,274.6533513938875,50.0,144.65335139388748
398,30.0,271.89713772394,3.0,94.89713772393995
399,30.0,270.87567958550903,8.0,98.875679585509
400,30.0,269.58899145795215,1.0,90.58899145795215
401,30.0,263.8905646897058,309.0,32.890564689705826
402,30.0,262.16188991182577,182.0,80.16188991182577
403,30.0,259.04031014216736,49.0,128.04031014216736
404,31.0,257.2294493177552,5.0,82.22944931775518
405,31.0,254.59315245317583,113.00000000000001,141.59315245317583
406,31.0,249.53244240043142,42.0,111.53244240043145
407,32.0,248.39553516436837,38.0,106.39553516436837
408,32.0,245.97464165655907,181.0,64.97464165655907
409,33.0,243.80583641244428,0.0,63.80583641244428
410,33.0,242.30190297894518,178.0,64.30190297894518
411,34.0,240.09353853801537,191.0,49.093538538015366
412,34.0,240.5880282980355,182.0,58.58802829803551
413,35.0,238.5233422452497,140.0,98.5233422452497
414,36.0,237.13490833492017,182.0,55.13490833492017
415,37.0,234.7062119337703,181.0,53.706211933770305
416,38.0,231.648815746477,140.0,91.648815746477
417,38.0,230.14368100742817,183.0,47.14368100742817
418,39.0,229.21895670455984,0.0,49.218956704559844
419,40.0,227.8345550965027,6.0,53.8345550965027
420,41.0,225.4415334488668,359.0,44.44153344886681
421,42.0,225.2521369179484,6.0,51.252136917948405
422,43.0,224.71347803681505,184.0,40.71347803681505
423,44.0,224.1098057768133,181.0,43.10980577681329
424,45.0,223.37165279132591,185.0,38.371652791325914
425,46.0,222.75040869652597,180.0,42.750408696525966
426,47.0,220.70254679737593,358.0,38.70254679737593
427,48.0,221.20609465797614,181.0,40.20609465797614
428,48.0,227.51899608304834,0.0,47.518996083048336
429,48.0,213.04288287461267,5.0,38.042882874612644
430,48.0,196.98392518934205,1.0,17.983925189342045
431,48.0,187.54995601759308,312.0,40.45004398240695
432,48.0,198.6094462734565,206.99999999999997,8.390553726543459
433,48.0,212.7349604017229,203.0,9.734960401722901
434,47.0,230.53916066697045,204.0,26.539160666970446
435,47.0,248.13218416973913,211.0,37.13218416973913
436,46.0,267.17628819111843,209.00000000000003,58.1762881911184
437,46.0,275.6978032100757,211.0,53.302196789924324
438,46.0,270.9000388578429,181.0,88.0999611421571
439,46.0,268.91244285291714,183.0,85.91244285291714
440,46.0,266.80645117065814,1.0,87.80645117065814
441,46.0,270.1001451705332,341.00000000000006,70.89985482946685
442,46.0,280.09908092303294,208.00000000000003,51.900919076967114
443,45.0,292.0572800076465,6.0,118.05728000764651
444,45.0,288.1883584950467,8.0,116.18835849504669
445,45.0,287.9357030099141,7.0,114.9357030099141
446,44.0,285.66710793435544,226.00000000000003,28.332892065644558
447,44.0,285.11140377410015,0.0,105.11140377410015
448,44.0,283.20233993415934,181.0,75.79766006584066
449,43.0,281.3156052696935,174.0,107.31560526969349
450,43.0,280.68751934504246,175.00000000000003,105.68751934504243
451,43.0,279.88605151526264,223.0,37.11394848473742
452,43.0,281.79888811112295,199.0,59.20111188887711
453,43.0,294.3105947909646,184.0,61.689405209035385
454,42.0,292.7006377879769,41.0,153.70063778797692
455,42.0,291.6515926725846,182.0,66.34840732741537
456,42.0,289.51995808162343,175.00000000000003,114.5199580816234
457,41.0,288.13675902707257,37.0,145.13675902707257
458,41.0,288.5119047210799,179.0,109.51190472107987
459,40.0,287.045052635792,1.0,108.04505263579199
460,40.0,286.35319818248513,6.0,112.35319818248513
461,40.0,284.7300020004905,5.0,109.73000200049049
462,38.0,283.29746228046196,6.0,109.29746228046196
463,37.0,281.39816372375856,179.0,102.39816372375856
464,37.0,279.8025069914156,174.0,105.80250699141561
465,37.0,277.6777719599503,5.0,102.67777195995026
466,39.0,275.9368155678126,2.0,97.93681556781257
467,39.0,274.531970269777,174.0,100.53197026977699
468,39.0,272.14451243097307,2.0,94.14451243097307
469,39.0,270.24411542213295,1.0,91.24411542213295
470,39.0,267.75071729489514,181.0,86.75071729489514
471,39.0,266.7205583246629,4.0,90.7205583246629
472,39.0,263.9787905807617,4.0,87.97879058076174
473,40.0,262.1146294470322,327.0,49.1146294470322
474,40.0,260.17354136192773,178.0,82.17354136192773
475,40.0,258.0290416958137,186.00000000000003,72.02904169581367
476,41.0,256.63527493920924,4.0,80.63527493920927
477,41.0,254.48538701550362,173.0,81.48538701550362
478,42.0,252.12451337186872,5.0,77.12451337186869
479,42.0,251.55963244370002,2.0,73.55963244370002
480,43.0,248.93694133580513,1.0,69.93694133580513
481,43.0,246.4657620765198,174.0,72.46576207651981
482,44.0,245.43856327821396,175.00000000000003,70.43856327821393
483,45.0,244.2267117545918,5.0,69.22671175459178
484,45.0,242.1821505645396,1.0,63.1821505645396
485,46.0,240.93170320481585,2.0,62.93170320481585
486,47.0,240.05096764649454,3.0,63.05096764649451
487,48.0,237.3759011456513,174.0,63.37590114565131
488,49.0,236.8096531804779,4.0,60.80965318047794
489,50.0,235.38883535898822,4.0,59.388835358988246
490,50.0,234.2224033910864,1.0,55.2224033910864
491,50.0,244.45694042126496,205.0,39.45694042126496
492,50.0,258.56097507845857,210.0,48.56097507845857
493,47.0,276.4710764454145,226.00000000000003,37.5289235545855
494,49.0,286.39954845491417,214.0,39.60045154508589
495,49.0,285.25563855058664,226.00000000000003,28.74436144941336
496,49.0,284.4002764714919,4.0,108.40027647149194
497,48.0,282.9623488756615,226.00000000000003,31.03765112433848
498,48.0,281.7754514552499,174.0,107.77545145524988
499,48.0,280.0100249301747,8.0,108.0100249301747
500,48.0,282.7970985613514,205.0,52.20290143864867
501,47.0,293.81804767236224,337.0,43.18195232763776
502,47.0,302.95297974838246,228.00000000000003,9.047020251617539
503,47.0,299.1504339950348,223.0,17.849566004965254
504,46.0,297.1042542754657,229.00000000000003,13.895745724534322
505,45.0,296.32518179969105,5.0,121.32518179969102
506,43.0,295.8065065167659,6.0,121.80650651676592
507,44.0,294.7370532798333,227.0,18.262946720166724
508,44.0,293.10890531622954,208.00000000000003,38.89109468377052
509,43.0,291.8914475334093,4.0,115.89144753340932
510,43.0,291.11357475218705,203.0,45.88642524781295
511,42.0,290.4460921103431,8.0,118.44609211034307
512,42.0,287.638870493098,2.0,109.63887049309801
513,42.0,284.4948075687339,180.0,104.4948075687339
514,41.0,283.6170535643615,226.00000000000003,30.382946435638473
515,41.0,281.95656659854785,175.99999999999997,105.95656659854788
516,41.0,280.59077713724463,5.0,105.5907771372446
517,41.0,279.2727026041555,7.0,106.27270260415548
518,40.0,277.72754244183227,206.99999999999997,55.27245755816773
519,40.0,277.0230812954338,209.00000000000003,53.976918704566174
520,40.0,276.0132406545042,225.0,38.986759345495784
521,40.0,275.03554195904417,7.0,102.03554195904417
522,40.0,273.6675321333054,206.00000000000003,60.33246786669457
523,38.0,272.6936661386691,209.00000000000003,58.30633386133093
524,38.0,270.90195563497747,4.0,94.9019556349775
525,38.0,269.30831441128026,328.0,57.308314411280264
526,40.0,267.9175477031651,9.0,96.9175477031651
527,38.0,266.32936248445196,5.0,91.32936248445193
528,40.0,263.87348451055476,226.00000000000003,37.87348451055473
529,41.0,262.8244864157847,209.00000000000003,53.82448641578466
530,41.0,261.2019526257027,5.0,86.20195262570266
531,41.0,258.79290168415497,5.0,83.79290168415494
532,42.0,257.4273616069295,6.0,83.42736160692948
533,42.0,254.94837193134902,209.00000000000003,45.94837193134899
534,42.0,254.40794794496645,8.0,82.40794794496642
535,43.0,251.9752997720192,224.0,27.975299772019213
536,43.0,249.79046419782236,4.0,73.79046419782239
537,44.0,248.58442174520394,4.0,72.58442174520397
538,44.0,246.90938816942952,5.0,71.90938816942949
539,45.0,246.04556075386932,177.00000000000003,69.0455607538693
540,46.0,244.63949936840854,186.00000000000003,58.63949936840851
541,46.0,242.91478905512284,359.0,61.91478905512284
542,45.0,241.687426842894,6.0,67.68742684289401
543,48.0,240.46347920992082,6.0,66.46347920992082
544,48.0,238.6053056110398,3.0,61.60530561103977
545,49.0,236.68205478374728,1.0,57.682054783747276
546,50.0,235.18097242006837,2.0,57.18097242006837
547,51.0,233.27152476208528,178.0,55.27152476208528
548,52.0,232.01287861678003,4.0,56.01287861678006
549,53.0,230.28048995430365,3.0,53.28048995430362
550,54.0,229.6713790423172,0.0,49.6713790423172
551,54.0,227.39798063715716,4.0,51.39798063715719
552,56.0,225.7197236394188,173.0,52.71972363941879
553,57.0,224.5906145319917,175.00000000000003,49.59061453199166
554,57.0,224.4772650898513,0.0,44.4772650898513
555,59.0,223.8923817406195,179.0,44.8923817406195
556,60.0,222.92514397637194,181.0,41.92514397637194
557,61.0,222.80253185445525,5.0,47.802531854455225
558,62.0,220.57998085409892,4.0,44.57998085409895
559,63.0,220.60553477713793,177.00000000000003,43.605534777137905
560,64.0,219.65867992310797,0.0,39.65867992310797
561,65.0,218.97645999012798,1.0,39.97645999012798
562,66.0,218.22764412113088,185.0,33.22764412113088
563,67.0,217.05965060100368,175.99999999999997,41.05965060100371
564,68.0,346.9576320046219,179.0,167.95763200462193
565,67.0,346.6537749687885,0.0,166.65377496878853
566,65.0,345.09004050797876,179.0,166.09004050797876
567,64.0,346.72210427592813,2.0,168.72210427592813
568,64.0,342.3053714800201,205.0,7.305371480020028
569,64.0,328.56215477933597,3.0,151.56215477933594
570,65.0,313.2553705838083,5.0,138.2553705838083
571,65.0,296.8186226072697,4.0,120.8186226072697
572,66.0,278.6479912629153,180.0,98.6479912629153
573,66.0,265.8206282282866,322.00000000000006,47.82062822828655
574,66.0,261.1256655406822,2.0,83.12566554068218
575,67.0,258.49290691589823,2.0,80.49290691589823
576,67.0,256.25349117887214,175.00000000000003,81.25349117887211
577,67.0,254.94548985106155,27.0,101.94548985106155
578,67.0,243.15013847350355,156.0,87.15013847350355
579,68.0,228.45737840686985,0.0,48.45737840686985
580,68.0,211.91445724016407,1.0,32.91445724016407
581,68.0,194.40771433609555,180.0,14.407714336095552
582,68.0,177.66823853021074,177.00000000000003,0.668238530210715
583,65.0,167.2928343867991,5.0,7.707165613200942
584,66.0,166.19029990460427,4.0,9.809700095395698
585,67.0,165.63712445633107,0.0,14.362875543668935
586,70.0,43.2462941120883,180.0,43.2462941120883
587,65.0,44.04508895512655,1.0,43.04508895512655
588,65.0,44.786312348816956,2.0,42.786312348816956
589,64.0,45.10416199384825,175.00000000000003,40.10416199384825
590,63.0,45.505521282821086,178.0,43.505521282821086
591,65.0,46.34349530143109,1.0,45.34349530143109
592,61.0,47.281848331964866,1.0,46.281848331964866
593,63.0,46.84053305133135,1.0,45.84053305133135
594,62.0,47.23739504500757,0.0,47.23739504500757
595,61.0,48.428118104494914,1.0,47.428118104494914
596,60.0,48.16781552067345,181.0,132.83218447932654
597,59.0,49.20657555923127,179.0,48.20657555923127
598,59.0,48.646269689768374,0.0,48.646269689768374
599,58.0,36.88655663754912,183.0,146.11344336245088
600,57.0,33.53503062681824,2.0,31.53503062681824
601,57.0,32.69580990479778,0.0,32.69580990479778
602,56.0,31.33504981958854,3.0,28.33504981958854
603,55.0,31.386464136438583,4.0,27.386464136438583
604,54.0,31.645324643414394,36.0,4.354675356585606
605,52.0,32.64795817621046,183.0,150.35204182378953
606,51.0,33.34658674428656,183.0,149.65341325571345
607,50.0,34.125662195565546,0.0,34.125662195565546
608,49.0,34.55583941598371,1.0,33.55583941598371
609,48.0,34.498068265762946,181.0,146.50193173423705
610,47.0,35.553881043293195,183.0,147.4461189567068
611,46.0,36.45995229035484,0.0,36.45995229035484
612,45.0,36.747800306274826,181.0,144.25219969372517
613,44.0,37.60211729998044,3.0,34.60211729998044
614,43.0,40.72418495684814,181.0,140.27581504315185
615,42.0,41.81297620487416,4.0,37.81297620487416
616,41.0,42.41620647153716,0.0,42.41620647153716
617,40.0,44.2083197490364,180.0,44.2083197490364
618,39.0,45.9869159372521,2.0,43.9869159372521
619,38.0,48.49274354439488,64.0,15.507256455605123
620,37.0,50.1807050175494,182.0,131.8192949824506
621,36.0,51.38911247748613,182.0,130.61088752251388
622,36.0,52.80625041579143,174.0,46.80625041579143
623,35.0,54.79870150394538,175.00000000000003,49.79870150394538
624,34.0,55.44132061986973,178.0,53.44132061986973
625,34.0,59.082168663685515,8.0,51.082168663685515
626,34.0,63.577524105639064,72.0,8.422475894360936
627,33.0,65.8093895653785,183.0,117.1906104346215
628,33.0,71.23736882164482,24.0,47.23736882164482
629,33.0,75.53074442635193,64.0,11.53074442635193
630,33.0,81.17829493967061,2.0,79.17829493967061
631,31.0,85.47849936761034,0.0,85.47849936761034
632,33.0,86.75517294435751,42.0,44.75517294435751
633,33.0,88.60391695057967,332.00000000000006,119.39608304942035
634,33.0,91.62493092932921,180.0,88.37506907067079
635,33.0,94.87139380748592,31.0,54.128606192514084
636,34.0,99.60776573522647,5.0,75.39223426477356
637,34.0,101.48229760395849,355.0,83.51770239604151
638,34.0,104.5181485991463,3.0,72.48185140085373
639,35.0,107.42094541342686,1.0,71.57905458657314
640,36.0,110.3849351316655,2.0,67.6150648683345
641,36.0,112.05080736667917,143.0,30.949192633320834
642,37.0,113.502485253971,354.00000000000006,72.49751474602903
643,37.0,116.15315556036909,2.0,61.846844439630914
644,38.0,117.45959780513432,178.0,60.54040219486568
645,39.0,118.44141029734384,37.0,24.558589702656164
646,39.0,120.40017054738728,39.0,20.599829452612724
647,40.0,122.6422521779152,5.0,52.35774782208483
648,41.0,123.52988398530292,189.0,65.47011601469708
649,42.0,125.01315578108066,2.0,52.986844218919344
650,43.0,126.5295942281686,3.0,50.47040577183142
651,44.0,128.36685336816268,0.0,51.63314663183732
652,45.0,129.67583947309495,1.0,49.32416052690505
653,46.0,130.94933892834123,137.99999999999997,7.0506610716587375
654,47.0,132.92927139078094,0.0,47.07072860921906
655,48.0,134.13476554726432,5.0,40.865234452735706
656,48.0,134.45022864312216,1.0,44.54977135687784
657,47.0,135.45677643036024,1.0,43.543223569639764
658,48.0,136.48565917271014,1.0,42.51434082728986
659,49.0,138.82512039838505,180.0,41.17487960161495
660,50.0,139.0884952211663,3.0,37.91150477883372
661,54.0,140.60560561085828,3.0,36.39439438914175
662,55.0,140.0766766041179,1.0,38.92332339588211
663,56.0,140.98370500499433,357.0,42.016294995005666
664,56.0,151.87803472431915,221.0,69.12196527568085
665,54.0,169.26249257650443,212.0,42.73750742349557
666,56.0,184.18661951906805,329.0,26.813380480931954
667,56.0,199.01149465822442,209.00000000000003,9.988505341775607
668,56.0,213.42344017636682,210.0,3.4234401763668245
669,56.0,227.48869402022402,204.0,23.488694020224017
670,55.0,243.01092874357624,333.99999999999994,37.010928743576216
671,55.0,254.82587908525102,205.0,49.82587908525102
672,55.0,272.09208491279526,210.0,57.907915087204685
673,54.0,286.716980828386,206.00000000000003,47.283019171613944
674,51.0,302.0980475026522,328.0,25.901952497347793
675,53.0,313.1380622083175,226.00000000000003,0.8619377916825215
676,53.0,311.8090242188759,5.0,136.80902421887586
677,52.0,310.60287088164023,143.0,167.60287088164023
678,48.0,309.87722967895115,1.0,130.87722967895115
679,47.0,316.2226792139402,2.0,138.22267921394018
680,49.0,316.03075504508166,174.0,142.03075504508166
681,46.0,315.71309173668124,175.99999999999997,139.71309173668126
682,47.0,315.5775584266981,175.00000000000003,140.57755842669806
683,46.0,314.3799023848017,178.0,136.3799023848017
684,45.0,313.60530089586854,180.0,133.60530089586854
685,45.0,311.7621548409705,6.0,137.76215484097048
686,44.0,311.0559263071274,3.0,134.05592630712735
687,43.0,309.94128670543904,8.0,137.941286705439
688,42.0,308.7140968077022,7.0,135.71409680770222
689,41.0,311.29574320839896,4.0,135.295743208399
690,41.0,310.7553340460402,204.0,25.24466595395978
691,40.0,308.2437219211094,4.0,132.24372192110943
692,39.0,305.9970763275326,4.0,129.99707632753265
693,38.0,304.6618255379993,8.0,132.66182553799925
694,38.0,304.23546409898245,206.00000000000003,29.764535901017496
695,38.0,303.5988345112463,208.00000000000003,28.401165488753747
696,37.0,302.20227883400617,357.0,54.797721165993835
697,34.0,300.14613257149284,204.0,35.85386742850716
698,34.0,298.25672966751137,7.0,125.25672966751137
699,33.0,295.8887998009167,8.0,123.88879980091664
700,34.0,299.37568609502773,255.0,14.375686095027731
701,34.0,300.32293489057264,6.0,126.32293489057264
702,33.0,295.73951740428606,204.0,40.26048259571394
703,33.0,293.6267971797971,333.99999999999994,40.373202820202835
704,32.0,290.3163536756322,337.0,46.68364632436783
705,32.0,289.8028641555744,186.00000000000003,64.19713584442565
706,32.0,284.65891695434465,228.00000000000003,27.341083045655353
707,32.0,284.5412631142948,199.0,56.458736885705264
708,32.0,283.2290931599448,3.0,106.22909315994477
709,31.0,280.16404539944705,177.00000000000003,103.16404539944702
710,31.0,278.651455125104,6.0,104.65145512510401
711,31.0,279.7483895853805,10.0,109.7483895853805
712,31.0,278.64488457749155,333.99999999999994,8.644884577491553
713,29.0,276.8773240446812,7.0,103.87732404468119
714,29.0,274.38856446785496,5.0,99.38856446785493
715,29.0,271.97498669273944,3.0,94.9749866927394
716,29.0,268.2818540368617,5.0,93.28185403686169
717,30.0,266.577969314797,5.0,91.57796931479695
718,31.0,264.24776596420656,226.00000000000003,38.247765964206536
719,31.0,261.6256382258592,175.99999999999997,85.6256382258592
720,31.0,260.4896491308225,356.0,76.4896491308225
721,31.0,257.08369094732416,209.00000000000003,48.08369094732413
722,32.0,254.39620518668758,5.0,79.39620518668755
723,32.0,251.37784142497225,0.0,71.37784142497225
724,32.0,255.57936414567183,2.0,77.57936414567183
725,32.0,253.24081458424536,7.0,80.24081458424536
726,33.0,250.34701694469965,6.0,76.34701694469965
727,33.0,248.7371451485207,4.0,72.73714514852074
728,34.0,246.20146837405275,1.0,67.20146837405275
729,34.0,244.47310158957106,0.0,64.47310158957106
730,35.0,242.272656300292,0.0,62.272656300292
731,36.0,239.86403480644205,5.0,64.86403480644202
732,37.0,237.63060761384577,175.00000000000003,62.63060761384574
733,37.0,235.28753435156995,5.0,60.28753435156992
734,38.0,234.54603530227257,179.0,55.54603530227257
735,39.0,233.5667987332335,183.0,50.5667987332335
736,40.0,231.88383252398162,5.0,56.883832523981596
737,41.0,230.56884216000537,5.0,55.568842160005346
738,42.0,229.20645002466648,5.0,54.20645002466645
739,42.0,228.01522851668418,224.0,4.015228516684175
740,43.0,226.6448215828605,3.0,49.64482158286046
741,44.0,225.70235553168152,186.00000000000003,39.70235553168149
742,45.0,224.32376350761913,5.0,49.323763507619105
743,46.0,223.62516593921896,333.99999999999994,17.62516593921893
744,47.0,223.12746196815445,5.0,48.12746196815442
745,48.0,222.26131282455168,359.0,41.26131282455168
746,49.0,222.25404790542916,2.0,44.25404790542916
747,50.0,220.41599685953102,175.99999999999997,44.41599685953105
748,52.0,219.8726109876938,5.0,44.872610987693776
749,53.0,217.98000848318406,206.99999999999997,10.980008483184093
750,54.0,217.34476706643997,180.0,37.34476706643997
751,55.0,214.97306062562086,1.0,35.97306062562086
752,53.0,213.99313364783055,4.0,37.993133647830575
753,54.0,213.21631638902076,174.0,39.21631638902076
754,53.0,323.55731970104216,3.0,146.55731970104213
755,53.0,326.83662389283035,181.0,32.163376107169654
756,51.0,327.70091701080287,181.0,31.29908298919713
757,53.0,327.1746078974482,3.0,150.17460789744817
758,52.0,326.10305330103847,4.0,150.1030533010385
759,51.0,325.6064667955343,3.0,148.60646679553426
760,50.0,324.8585158443207,0.0,144.85851584432072
761,48.0,322.83796305064953,181.0,36.162036949350465
762,47.0,322.1340653406336,5.0,147.13406534063355
763,46.0,321.39278718599803,4.0,145.39278718599806
764,45.0,320.11525601842203,3.0,143.115256018422
765,44.0,319.3306096562251,0.0,139.33060965622508
766,43.0,317.4870875085872,5.0,142.48708750858717
767,42.0,316.58621372224155,6.0,142.58621372224155
768,41.0,315.4120292626635,3.0,138.41202926266348
769,40.0,313.90357683386566,175.00000000000003,138.90357683386563
770,39.0,312.20498871070845,0.0,132.20498871070845
771,39.0,311.580571397134,181.0,47.41942860286599
772,36.0,309.7890609215061,183.0,47.21093907849388
773,35.0,308.072367444629,2.0,130.07236744462898
774,34.0,306.4361879864408,6.0,132.4361879864408
775,33.0,304.8935715000114,5.0,129.89357150001135
776,33.0,304.5730552428371,3.0,127.57305524283706
777,32.0,303.6461624310455,1.0,124.64616243104552
778,32.0,301.8257059154408,4.0,125.8257059154408
779,31.0,298.9171752503974,175.99999999999997,122.91717525039743
780,31.0,298.27976898282543,179.0,119.27976898282543
781,30.0,298.0796610545355,175.99999999999997,122.07966105453553
782,31.0,303.0205888506709,178.0,125.02058885067089
783,31.0,303.6077131738104,3.0,126.60771317381037
784,30.0,297.70461126276655,233.0,9.295388737233452
785,30.0,291.29717253563166,3.0,114.29717253563163
786,30.0,285.10402252190437,168.0,15.10402252190437
787,30.0,279.34247897629666,0.0,99.34247897629666
788,30.0,274.33105171039614,233.0,4.331051710396139
789,30.0,273.19040986752935,8.0,101.19040986752933
790,28.0,275.0806223417826,42.0,137.08062234178263
791,29.0,275.5567058387927,0.0,95.55670583879271
792,29.0,274.5364514643439,208.00000000000003,57.46354853565617
793,29.0,268.65452645451967,233.0,35.65452645451967
794,29.0,265.86058266488743,214.0,51.86058266488743
795,29.0,261.10347704048985,178.0,83.10347704048985
796,28.0,259.7614653948339,189.0,70.76146539483392
797,30.0,254.2510508685545,2.0,76.2510508685545
798,30.0,248.8239363489038,234.0,14.8239363489038
799,31.0,243.03625560315314,2.0,65.03625560315314
800,31.0,241.96966283284598,182.0,59.969662832845984
801,31.0,64.80771336971878,8.0,56.80771336971878
802,31.0,66.72403734819336,2.0,64.72403734819336
803,30.0,68.72309402754964,7.0,61.723094027549635
804,29.0,73.26731338686565,168.0,61.26731338686565
805,29.0,75.61632755077528,311.0,153.38367244922475
806,28.0,67.41720808207555,4.0,63.41720808207555
807,29.0,51.347311762855384,183.0,131.65268823714462
808,29.0,39.23942522778129,146.0,5.23942522778129
809,29.0,43.637577574427226,122.0,14.362422425572774
810,29.0,56.574625959754805,209.00000000000003,152.42537404024523
811,30.0,73.73932986954601,230.99999999999997,157.26067013045395
812,30.0,85.13340199557577,328.0,126.86659800442423
813,31.0,100.32352703275878,206.00000000000003,105.67647296724125
814,31.0,117.93778289180392,204.0,86.06221710819608
815,32.0,133.48561555608325,209.00000000000003,75.51438444391678
816,31.0,312.310423939774,229.00000000000003,1.3104239397740116
817,31.0,324.80513625822584,333.0,8.194863741774157
818,31.0,342.9074376628758,186.00000000000003,11.092562337124264
