2,29.0,285.0150142121862,226.00000000000003,28.984985787813798
3,29.0,268.22886784838033,232.0,36.22886784838033
4,29.0,276.92108597294964,299.00000000000006,22.078914027050416
5,29.0,289.3344765855864,221.0,29.6655234144136
6,28.0,303.62574047623264,227.0,9.374259523767364
7,28.0,319.3856601474688,323.0,3.6143398525312023
8,27.0,329.79578963265124,217.00000000000003,6.7957896326512355
9,26.0,329.14361975394655,327.0,2.1436197539465525
10,25.0,327.617947125357,318.0,9.617947125356977
11,24.0,326.31066696102573,324.0,2.3106669610257313
12,23.0,324.6905233007866,233.0,17.690523300786595
13,21.0,323.5152242547783,221.0,4.515224254778275
14,20.0,320.7454584692156,227.0,7.745458469215578
15,19.0,317.73123238782483,311.0,6.731232387824832
16,18.0,316.4094004741871,229.00000000000003,5.409400474187123
17,17.0,314.21455374424886,230.99999999999997,5.21455374424886
18,16.0,310.4488822269761,160.0,69.55111777302392
19,15.0,306.2509420609245,14.0,67.7490579390755
20,15.0,302.42670615433553,16.0,73.57329384566447
21,14.0,300.2151572634539,156.0,83.78484273654612
22,13.0,304.9931622442317,21.0,76.00683775576829
23,13.0,310.2650118680556,152.0,77.73498813194442
24,12.0,316.9098856953336,318.0,1.090114304666372
25,12.0,322.276451574538,217.00000000000003,0.7235484254620133
26,12.0,327.0439576526275,213.0,0.043957652627511834
27,12.0,321.5913539329037,221.0,2.5913539329037008
28,13.0,306.6518578466009,158.0,75.34814215339912
29,13.0,288.28952032179785,233.0,18.710479678202148
30,13.0,271.48645364746505,316.0,44.513546352534945
31,13.0,263.0244630171805,318.0,41.024463017180494
32,13.0,265.92127644623645,317.00000000000006,42.92127644623645
33,13.0,263.2784928639865,29.999999999999996,113.27849286398649
34,13.0,257.65961333918955,215.0,42.65961333918955
35,13.0,253.77998830423584,214.0,39.77998830423584
36,14.0,248.31407679340487,216.0,32.314076793404865
37,14.0,243.72318448367855,328.0,31.72318448367855
38,15.0,238.40847218622244,158.0,80.40847218622244
39,16.0,233.83716907111113,332.00000000000006,25.837169071111106
40,16.0,230.88107317350259,329.0,19.881073173502585
41,17.0,227.30363481428887,161.00000000000003,66.30363481428884
42,18.0,224.3826773842383,21.999999999999996,66.38267738423829
43,19.0,221.83529844124007,222.0,0.16470155875992987
44,20.0,219.47507040073302,221.0,1.524929599266983
45,21.0,217.02018130080626,320.0,2.9798186991937428
46,22.0,215.303691604576,26.000000000000004,61.30369160457596
47,23.0,213.4168684765314,214.0,0.5831315234686087
48,24.0,210.92377268995662,323.0,6.076227310043407
49,26.0,208.70558581918314,213.0,4.294414180816858
50,27.0,207.7870619437196,214.0,6.212938056280393
51,28.0,207.15466432249866,213.0,5.845335677501339
52,29.0,204.67099817681614,208.00000000000003,3.329001823183887
53,31.0,203.63119299661895,219.00000000000003,15.368807003381079
54,32.0,203.24067397074586,328.0,8.75932602925414
55,33.0,202.2367406055933,324.0,13.763259394406703
56,34.0,201.48983071723535,209.00000000000003,7.510169282764679
57,35.0,200.92186918542362,333.0,6.078130814576355
58,36.0,199.7501468575821,333.0,7.249853142417862
59,37.0,198.28440108545365,329.0,12.715598914546348
60,38.0,197.53227397705362,324.0,18.46772602294638
61,40.0,339.50340069136644,209.00000000000003,8.503400691366437
62,39.0,338.807352908348,329.0,9.80735290834798
63,37.0,338.1971323604037,327.0,11.197132360403714
64,36.0,337.24167623669433,326.00000000000006,11.241676236694275
65,35.0,335.98565839148114,328.0,7.985658391481138
66,34.0,335.59146519781945,216.0,11.591465197819446
67,32.0,334.5861755332911,208.00000000000003,2.5861755332910548
68,31.0,333.8308538865581,321.0,12.830853886558089
69,30.0,333.2213616415055,335.00000000000006,1.778638358494561
70,29.0,332.242026617982,327.0,5.242026617981992
71,28.0,330.7726223906454,208.00000000000003,1.2273776093546758
72,27.0,329.1855364667808,320.0,9.185536466780775
73,25.0,327.7542786256292,329.0,1.2457213743708166
74,25.0,326.39735753415926,206.99999999999997,6.602642465840745
75,23.0,324.3908322511131,206.99999999999997,8.609167748886875
76,22.0,322.5497089109919,335.00000000000006,12.450291089008147
77,21.0,320.4052166620118,206.00000000000003,13.594783337988133
78,20.0,317.61720083411996,335.00000000000006,17.3827991658801
79,19.0,315.7628557826368,34.0,78.23714421736321
80,19.0,312.41268894241455,324.0,11.587311057585453
81,18.0,309.0830047257393,333.0,23.916995274260728
82,17.0,305.4651047074348,323.0,17.53489529256518
83,16.0,302.9637429140909,208.00000000000003,29.036257085909142
84,16.0,298.462111671326,215.0,26.537888328674
85,15.0,294.6882747759241,338.0,43.31172522407587
86,15.0,289.92287545327986,326.00000000000006,36.0771245467202
87,14.0,284.2583106389719,324.0,39.74168936102808
88,14.0,278.8940629265768,335.00000000000006,56.10593707342326
89,14.0,274.80743533424084,328.0,53.192564665759164
90,14.0,269.61745307652075,209.00000000000003,60.61745307652072
91,14.0,264.78920949012775,158.0,106.78920949012775
92,14.0,258.44002257972016,152.0,106.44002257972016
93,15.0,252.61084402431186,199.0,53.61084402431186
94,15.0,247.8300302302224,35.0,102.83003023022238
95,15.0,244.682629987843,341.00000000000006,45.682629987843
96,16.0,240.83373081076968,41.0,101.83373081076968
97,17.0,237.98759742959288,203.0,34.98759742959288
98,17.0,235.25614131602822,137.0,98.25614131602822
99,18.0,233.35355112305604,24.0,77.35355112305604
100,18.0,230.15640625691913,152.0,78.15640625691913
101,19.0,226.7883523267316,332.00000000000006,18.78835232673157
102,20.0,222.9856391714026,332.00000000000006,14.985639171402568
103,21.0,220.28468015829856,329.99999999999994,10.284680158298556
104,22.0,216.69693714173357,329.99999999999994,6.696937141733571
105,22.0,202.9682512499342,151.0,51.96825124993421
106,22.0,189.36344872886966,152.0,37.363448728869656
107,22.0,173.50722733663216,144.0,29.507227336632155
108,22.0,159.5013217746625,139.0,20.5013217746625
109,22.0,145.5705726474606,137.0,8.570572647460608
110,21.0,130.79307603130036,146.0,15.206923968699641
111,21.0,116.70089590963843,139.0,22.299104090361567
112,20.0,101.80390340770838,137.0,35.196096592291624
113,20.0,100.92977401235333,144.0,43.070225987646666
114,20.0,103.11593365083515,147.0,43.884066349164854
115,21.0,106.62844070627318,137.0,30.37155929372682
116,21.0,109.8446432991541,141.0,31.1553567008459
117,22.0,113.17143222540058,47.0,19.82856777459942
118,22.0,116.1595884271566,40.0,23.840411572843394
119,23.0,118.85290684672447,133.0,14.147093153275534
120,24.0,121.28230035925452,43.99999999999999,14.71769964074548
121,24.0,124.03142660102807,134.00000000000003,9.968573398971955
122,25.0,125.14252699131008,43.99999999999999,10.857473008689922
123,26.0,127.57932176320642,344.00000000000006,68.42067823679358
124,27.0,129.86701588679344,342.99999999999994,67.13298411320659
125,28.0,131.95904189732286,43.99999999999999,4.040958102677138
126,29.0,134.64136664475035,130.0,4.641366644750349
127,30.0,136.44337534226787,349.0,54.55662465773213
128,31.0,138.21828849657825,137.0,1.2182884965782534
129,32.0,139.67557701164807,134.00000000000003,5.675577011648045
130,33.0,140.51801129064438,43.00000000000001,3.518011290644381
131,34.0,142.33140611858198,133.0,9.331406118581981
132,35.0,143.09384137348903,40.0,3.0938413734890275
133,36.0,144.1062573545477,136.0,8.106257354547694
134,37.0,145.74063017129026,145.00000000000003,0.7406301712902348
135,38.0,146.86922678870548,140.0,6.869226788705475
136,39.0,147.6601374533608,135.0,12.66013745336079
137,41.0,148.75568842074878,140.0,8.755688420748783
138,41.0,149.87178036933213,38.0,7.871780369332129
139,43.0,150.21004305072205,47.0,17.21004305072205
140,44.0,151.0712288904678,141.0,10.071228890467808
141,45.0,151.0103611242521,42.0,13.010361124252142
142,46.0,152.08917034316443,145.00000000000003,7.0891703431643975
143,47.0,152.19779331340126,147.0,5.197793313401263
144,48.0,152.572491778429,145.00000000000003,7.572491778428969
145,50.0,153.27553091991697,39.0,12.275530919916974
146,51.0,153.44608592458607,141.0,12.446085924586072
147,52.0,154.77136643216983,137.0,17.771366432169827
148,53.0,154.7075920757123,147.0,7.707592075712313
149,55.0,155.11008037075834,144.0,11.11008037075834
150,56.0,156.78220299246655,140.0,16.78220299246655
151,58.0,157.9487597414104,36.0,13.948759741410413
152,59.0,158.6108197129635,139.0,19.61081971296349
153,60.0,158.62333684698268,149.0,9.623336846982681
154,61.0,35.01770106713379,40.0,4.9822989328662075
155,59.0,35.86010045498784,41.0,5.139899545012163
156,58.0,36.69132119293676,142.0,1.308678807063238
157,58.0,38.06735368039703,147.0,5.0673536803970265
158,56.0,39.028373999343266,333.99999999999994,65.02837399934333
159,56.0,39.61214181686347,134.00000000000003,6.3878581831365295
160,55.0,39.56600317932251,147.0,6.566003179322507
161,54.0,40.060859440503776,143.0,3.0608594405037763
162,53.0,42.071425804517254,39.0,3.071425804517254
163,52.0,42.598546134240884,39.0,3.598546134240884
164,51.0,43.38034999297421,143.0,6.38034999297421
165,50.0,44.50598159503551,36.0,8.505981595035507
166,49.0,45.14523943962139,32.0,13.145239439621392
167,48.0,46.67336308607625,39.0,7.67336308607625
168,47.0,46.81828085487288,142.0,8.818280854872881
169,46.0,48.32922698611552,139.0,7.329226986115522
170,46.0,50.25327948292666,135.0,5.253279482926658
171,45.0,50.952258090743825,139.0,9.952258090743825
172,44.0,52.97071179314099,143.0,15.970711793140993
173,44.0,54.43501787370752,139.0,13.435017873707523
174,43.0,57.16950040975379,143.0,20.169500409753788
175,42.0,57.898713875260036,142.0,19.898713875260036
176,41.0,59.85795717739642,149.0,28.857957177396422
177,40.0,317.9802859443633,37.0,79.01971405563671
178,40.0,62.36361674354053,43.00000000000001,19.363616743540526
179,38.0,315.6783169066387,320.0,4.321683093361287
180,37.0,314.96979152792073,315.0,0.030208472079266357
181,37.0,312.60242302644536,151.0,76.39757697355464
182,36.0,311.52541272144765,225.0,3.474587278552349
183,35.0,309.9860613228449,316.0,6.013938677155124
184,34.0,308.3456206639917,228.00000000000003,3.654379336008276
185,33.0,305.7624869120791,229.99999999999997,4.237513087920888
186,32.0,304.7787754482939,304.0,0.7787754482939135
187,32.0,301.7000800428079,306.0,4.299919957192117
188,31.0,300.1414150878252,236.00000000000003,3.8585849121748197
189,30.0,298.4276467105415,307.0,8.572353289458476
190,29.0,296.09702031553326,233.0,10.902979684466743
191,29.0,293.7605817056172,236.00000000000003,10.239418294382801
192,28.0,291.7139353604168,304.0,12.286064639583174
193,28.0,289.8109914894773,306.0,16.189008510522683
194,27.0,285.9037866917042,227.0,27.096213308295773
195,27.0,283.67822458013035,235.0,21.321775419869653
196,26.0,280.9489590705284,243.0,16.051040929471583
197,26.0,279.1860037960419,235.0,25.813996203958084
198,26.0,275.8644385699645,237.00000000000003,27.135561430035523
199,26.0,273.06409952883337,152.0,114.93590047116663
200,26.0,269.8513092076077,227.0,42.8513092076077
201,26.0,267.6934191538283,142.0,125.6934191538283
202,26.0,263.7499618249037,29.999999999999996,113.74996182490369
203,26.0,260.94653071981253,135.0,125.94653071981253
204,26.0,258.3358098728339,217.00000000000003,41.33580987283389
205,27.0,256.30402183136096,206.99999999999997,49.304021831360984
206,27.0,254.1148723170989,137.0,117.1148723170989
207,27.0,251.16325876511678,27.0,98.16325876511678
208,28.0,249.13491506359352,329.0,38.134915063593525
209,28.0,246.47397024025346,199.0,47.473970240253465
210,29.0,243.5276481874232,31.0,94.52764818742321
211,29.0,241.51816400846263,206.00000000000003,35.518164008462605
212,30.0,239.23148079850978,34.0,93.23148079850978
213,31.0,238.339536700694,226.00000000000003,12.33953670069397
214,31.0,236.1639956427054,152.0,84.1639956427054
215,32.0,233.62061545174984,151.0,82.62061545174984
216,33.0,232.4199141279849,153.0,79.4199141279849
217,34.0,230.59393152022426,26.000000000000004,76.59393152022423
218,34.0,228.98637953087,329.99999999999994,18.98637953087001
219,35.0,227.27216068690316,153.0,74.27216068690316
220,36.0,225.6466249967472,155.0,70.64662499674719
221,37.0,224.74934746926078,28.0,72.74934746926078
222,38.0,221.82440786224032,147.0,74.82440786224032
223,39.0,221.01959075034011,209.00000000000003,12.019590750340086
224,40.0,218.3674879974657,29.999999999999996,68.36748799746567
225,41.0,217.37913283633745,27.0,64.37913283633745
226,42.0,216.60671700472776,154.00000000000003,62.60671700472773
227,44.0,214.5270710487656,213.0,1.527071048765606
228,45.0,214.09998853356646,145.00000000000003,69.09998853356643
229,46.0,212.14097960159083,29.0,61.14097960159083
230,47.0,212.05317709590688,34.0,66.05317709590688
231,48.0,210.8358853343935,213.0,2.1641146656064905
232,48.0,219.1878301066693,326.00000000000006,5.18783010666931
233,47.0,231.38866634519428,21.0,72.38866634519428
234,47.0,252.8603218435748,158.0,94.86032184357481
235,46.0,270.1542668017912,217.00000000000003,52.84573319820879
236,46.0,272.36833379903584,329.99999999999994,57.631666200964105
237,46.0,259.8841698220875,320.0,39.88416982208747
238,47.0,245.20421144115596,306.0,11.204211441155962
239,47.0,227.9844811435437,327.0,14.98448114354369
240,48.0,216.09756098877406,328.0,4.097560988774063
241,47.0,224.9441037636424,159.0,65.9441037636424
242,47.0,240.7690695334812,312.0,12.769069533481172
243,46.0,257.34198782212235,333.99999999999994,51.34198782212232
244,45.0,273.63975612738943,322.00000000000006,48.360243872610624
245,45.0,286.37145952004255,227.0,26.62854047995745
246,44.0,299.07172170187874,308.00000000000006,8.928278298121313
247,44.0,299.6724573987928,228.00000000000003,12.327542601207199
248,43.0,300.76380382423986,233.0,6.236196175760142
249,43.0,297.99216257100215,309.0,11.007837428997846
250,42.0,297.3104406104671,228.00000000000003,14.689559389532917
251,42.0,296.7324863396251,226.00000000000003,17.267513660374902
252,41.0,298.11841851084273,308.00000000000006,9.881581489157327
253,41.0,309.4865037320529,315.0,5.513496267947119
254,40.0,321.92406857218003,320.0,1.9240685721800332
255,40.0,331.70257628119646,326.00000000000006,5.7025762811964
256,40.0,340.85030293543207,321.0,19.85030293543207
257,38.0,341.39507588281344,218.00000000000003,19.395075882813387
258,37.0,340.9894975550506,325.0,15.989497555050605
259,36.0,340.8591386040028,321.0,19.859138604002794
260,35.0,339.77601099332054,317.00000000000006,22.776010993320483
261,33.0,339.1500640882317,321.0,18.150064088231716
262,32.0,338.167690205571,315.0,23.167690205570977
263,31.0,336.43570606374686,319.0,17.435706063746863
264,30.0,335.94636843675005,316.0,19.94636843675005
265,29.0,334.5757115674579,304.0,30.575711567457915
266,27.0,333.9917092217147,324.0,9.9917092217147
267,26.0,331.1236165132419,324.0,7.123616513241927
268,25.0,329.6027343546173,224.0,13.602734354617326
269,24.0,327.6509964566678,316.0,11.650996456667826
270,23.0,325.45721352297164,317.00000000000006,8.457213522971585
271,22.0,323.7785453448866,315.0,8.778545344886595
272,21.0,320.85699649571876,229.00000000000003,9.85699649571876
273,20.0,318.0882351927395,241.00000000000003,19.088235192739432
274,19.0,315.09959153591956,299.00000000000006,16.0995915359195
275,18.0,311.5252128884594,306.0,5.525212888459407
276,18.0,308.939813408613,10.999999999999998,62.06018659138698
277,17.0,304.5339955325677,306.0,1.466004467432299
278,16.0,299.08013467276874,238.99999999999997,1.919865327231264
279,16.0,295.2369798984549,353.0,57.76302010154512
280,15.0,290.8131543743282,9.0,78.18684562567182
281,15.0,286.1144271583275,301.0,14.885572841672513
282,15.0,280.3789603911931,236.00000000000003,23.621039608806882
283,15.0,275.3052250943163,233.0,31.694774905683687
284,15.0,271.22241064129355,309.0,37.77758935870645
285,15.0,266.9116218755219,229.00000000000003,37.91162187552189
286,15.0,261.56194235554904,227.0,34.561942355549036
287,16.0,256.0917354149865,317.00000000000006,33.09173541498649
288,16.0,251.49007442639072,322.00000000000006,33.49007442639069
289,16.0,248.90101664663075,219.00000000000003,29.901016646630723
290,17.0,244.03013513338695,216.0,28.03013513338695
291,17.0,240.24645854004046,212.0,28.246458540040464
292,18.0,235.87042815628763,210.0,25.87042815628763
293,19.0,231.8377333027234,328.0,19.837733302723393
294,20.0,229.90545345386124,328.0,17.90545345386124
295,21.0,227.37572635360777,332.00000000000006,19.375726353607746
296,22.0,225.6911983379361,328.0,13.6911983379361
297,23.0,223.96102464582245,329.0,12.961024645822448
298,23.0,233.4546983016338,320.0,13.454698301633812
299,22.0,242.66238713017873,318.0,20.66238713017873
300,21.0,261.72207374923914,324.0,45.722073749239144
301,21.0,278.6555459570619,223.0,38.34445404293814
302,20.0,293.28655906461535,302.0,8.713440935384654
303,20.0,307.3454580432935,172.00000000000003,60.65454195670651
304,19.0,309.3609612094315,173.0,57.63903879056852
305,18.0,308.2225824969341,298.0,10.22258249693408
306,17.0,305.28106321914095,179.0,55.71893678085905
307,17.0,301.4925688372044,300.00000000000006,1.4925688372043169
308,16.0,297.087490128526,304.0,6.912509871474015
309,15.0,292.63754936780947,238.99999999999997,8.36245063219053
310,15.0,286.73691680255826,302.0,15.263083197441745
311,14.0,281.6117824678682,304.0,22.38821753213182
312,14.0,276.9723300510446,242.0,21.027669948955406
313,14.0,270.6637801517488,310.0,39.336219848251176
314,14.0,267.0881145369007,226.00000000000003,41.08811453690069
315,14.0,260.73248964864064,226.00000000000003,34.73248964864061
316,15.0,257.7606943273803,317.00000000000006,34.76069432738029
317,15.0,250.89817776520323,216.0,34.89817776520323
318,16.0,246.84506859896328,220.0,26.84506859896328
319,16.0,243.3615673509919,322.00000000000006,25.361567350991862
320,17.0,239.79812269094862,220.0,19.798122690948617
321,17.0,235.79666411349103,329.99999999999994,25.796664113491033
322,18.0,232.9549958909418,216.0,16.954995890941802
323,19.0,230.43281901012992,315.0,5.4328190101299185
324,20.0,227.09490150406367,216.0,11.094901504063671
325,21.0,225.34609844623566,226.00000000000003,0.6539015537643706
326,22.0,223.48732860956054,230.99999999999997,7.512671390439436
327,23.0,221.65020538336586,324.0,5.650205383365858
328,24.0,220.62822388884578,328.0,8.628223888845781
329,25.0,218.34529003265575,322.00000000000006,0.34529003265572555
330,26.0,216.8855469090132,229.99999999999997,13.114453090986785
331,27.0,215.11544903020587,214.0,1.1154490302058662
332,28.0,214.27539412198547,225.0,10.724605878014529
333,29.0,212.87780110035567,321.0,6.12219889964436
334,30.0,212.4684373825689,221.0,8.531562617431092
335,31.0,210.57060073502618,325.0,4.429399264973824
336,32.0,209.99451132988793,219.00000000000003,9.0054886701121
337,34.0,208.95106629336772,318.0,13.048933706632283
338,34.0,208.48037566416124,318.0,13.519624335838756
339,35.0,207.3175181209042,315.0,17.682481879095803
340,37.0,206.1851654017205,319.0,14.814834598279504
341,38.0,205.09807330720477,213.0,7.901926692795229
342,39.0,204.8528738222099,321.0,14.147126177790142
343,40.0,203.48942762331257,237.00000000000003,33.51057237668746
344,42.0,203.17543544469845,320.0,16.82456455530155
345,43.0,202.69096850137515,219.00000000000003,16.309031498624876
346,44.0,202.03322139368925,220.0,17.966778606310754
347,45.0,200.5759878159668,329.99999999999994,9.424012184033188
348,46.0,199.8499689430769,219.00000000000003,19.150031056923126
349,48.0,199.85780424773856,216.0,16.142195752261443
350,49.0,199.38177281052074,321.0,19.618227189479285
351,50.0,199.14352816471984,323.0,17.85647183528019
352,51.0,198.65891205449608,324.0,17.341087945503915
353,52.0,198.35248152863807,322.00000000000006,19.647518471361963
354,54.0,197.69229541754675,323.0,19.307704582453283
355,55.0,197.53080551900388,325.0,17.469194480996123
356,56.0,267.0878709034003,220.0,47.0878709034003
357,56.0,265.5596713633728,317.00000000000006,42.559671363372786
358,56.0,264.7550459239354,221.0,43.75504592393543
359,56.0,263.58835605735385,210.0,53.58835605735385
360,57.0,262.1864012851684,325.0,47.186401285168415
361,57.0,260.56226886332433,324.0,44.562268863324334
362,57.0,258.3609130791003,218.00000000000003,40.3609130791003
363,57.0,257.18064705298764,212.0,45.18064705298764
364,58.0,256.48405213530725,332.00000000000006,48.48405213530722
365,58.0,255.98700317999862,333.0,48.98700317999865
366,58.0,254.46058229086879,329.0,43.460582290868786
367,59.0,253.74143772877113,212.0,41.74143772877113
368,58.0,27.80559453909708,325.0,62.80559453909706
369,57.0,29.245817960865256,327.0,62.24581796086528
370,55.0,28.65931473062568,327.0,61.65931473062568
371,54.0,29.025662150278762,320.0,69.02566215027878
372,53.0,29.908464350734732,213.0,62.90846435073473
373,52.0,29.793487616816865,227.0,76.79348761681689
374,51.0,31.3668236170548,322.00000000000006,69.36682361705476
375,50.0,31.10149082116944,325.0,66.10149082116942
376,49.0,32.11149801285878,214.0,66.1114980128587
377,48.0,33.38873985733863,213.0,66.38873985733863
378,46.0,34.456930863587694,315.0,79.45693086358767
379,45.0,34.70157339827738,218.00000000000003,72.70157339827733
380,44.0,36.18545674066564,220.0,76.18545674066564
381,43.0,36.950832271558525,219.00000000000003,75.95083227155851
382,42.0,37.77857713971503,218.00000000000003,75.77857713971497
383,41.0,39.46798137550208,321.0,78.46798137550206
384,40.0,40.66179108923624,221.0,81.66179108923626
385,39.0,42.12200724019721,210.0,72.12200724019726
386,38.0,44.006122354753934,219.00000000000003,83.00612235475393
387,37.0,44.4336271080013,318.0,86.4336271080013
388,36.0,45.51807107660083,209.00000000000003,74.51807107660085
389,36.0,46.69574826393019,327.0,79.69574826393017
390,35.0,48.03795978031457,332.00000000000006,76.03795978031451
391,34.0,50.10430300794361,325.0,85.1043030079436
392,33.0,52.567305858778184,215.0,87.56730585877818
393,32.0,53.08052898081564,223.0,96.08052898081559
394,31.0,55.3372950140678,226.00000000000003,101.33729501406782
395,31.0,57.71744248964983,234.0,111.71744248964984
396,30.0,59.322889340042614,318.0,101.3228893400426
397,29.0,61.383407331720704,225.0,106.38340733172072
398,29.0,63.333773966672844,235.0,118.33377396667285
399,28.0,65.34418675099404,318.0,107.34418675099403
400,27.0,67.01654719729567,318.0,109.01654719729567
401,27.0,68.90748575061757,226.00000000000003,114.90748575061758
402,27.0,71.5923244650449,223.0,114.59232446504484
403,26.0,74.09915156159003,311.0,123.09915156159002
404,26.0,77.6068104162966,229.99999999999997,127.60681041629658
405,26.0,79.73234555859827,228.00000000000003,127.73234555859827
406,25.0,83.07178702655547,315.0,128.07178702655546
407,25.0,85.62312309257658,225.0,130.62312309257658
408,25.0,88.86002101557679,313.0,135.8600210155768
409,25.0,91.56132395223618,224.0,132.4386760477638
410,25.0,95.47719023547543,226.00000000000003,130.5228097645246
411,25.0,96.91653446488753,305.0,138.08346553511245
412,25.0,100.09999990201734,223.0,122.90000009798266
413,26.0,102.15467247528564,224.0,121.84532752471436
414,26.0,105.11960830574857,308.00000000000006,126.88039169425143
415,26.0,107.62748183808479,226.00000000000003,118.37251816191524
416,27.0,110.08064457542905,226.00000000000003,115.91935542457098
417,27.0,112.32641559887497,226.00000000000003,113.67358440112505
418,28.0,115.28312896136619,227.0,111.71687103863381
419,28.0,117.60252730042622,228.00000000000003,110.39747269957381
420,29.0,119.67731184165687,313.0,107.32268815834313
421,30.0,121.57699032364162,233.0,111.42300967635838
422,30.0,123.83286653480225,312.0,104.16713346519778
423,31.0,126.0573447868461,306.0,107.9426552131539
424,32.0,128.32814103982753,227.0,98.67185896017247
425,33.0,129.7006355957983,311.0,99.29936440420173
426,34.0,130.89668571303682,230.99999999999997,100.10331428696315
427,34.0,131.71258750768067,228.00000000000003,96.28741249231936
428,35.0,133.94002379309114,226.00000000000003,92.05997620690889
429,36.0,135.3504175039606,306.0,98.64958249603939
430,37.0,137.1768555903775,306.0,96.8231444096225
431,38.0,138.271372922619,226.00000000000003,87.72862707738102
432,39.0,139.9654153957626,229.99999999999997,90.03458460423738
433,40.0,140.95883436734078,302.0,97.04116563265922
434,41.0,142.26289573997923,230.99999999999997,88.73710426002074
435,41.0,291.73120139076525,310.0,18.26879860923475
436,41.0,290.50051301819826,238.0,11.499486981801738
437,41.0,288.5309173245446,304.0,15.469082675455411
438,40.0,287.3433947182902,351.0,63.6566052817098
439,40.0,284.9040290614786,317.00000000000006,32.095970938521475
440,40.0,283.0141606796738,298.0,14.985839320326193
441,40.0,280.90797294907236,305.0,24.09202705092764
442,40.0,278.64570707733026,230.99999999999997,30.354292922669742
443,39.0,277.1715837263206,313.0,35.82841627367941
444,39.0,274.9440160225472,230.99999999999997,34.0559839774528
445,39.0,272.10367705352184,318.0,45.896322946478165
446,39.0,270.76298864250873,310.0,39.23701135749127
447,39.0,269.37503658493586,227.0,42.375036584935856
448,39.0,268.74332874266696,320.0,48.74332874266696
449,40.0,265.5858468277422,304.0,29.585846827742188
450,40.0,265.2378027587256,323.0,48.237802758725564
451,40.0,263.4971458731653,236.00000000000003,27.497145873165294
452,40.0,261.6271547023479,315.0,36.62715470234792
453,40.0,271.451910278255,319.0,47.54808972174499
454,39.0,289.98580934172,226.00000000000003,24.014190658279972
455,39.0,304.7140803461267,317.00000000000006,12.28591965387335
456,38.0,322.66392934857583,319.0,3.6639293485758344
457,38.0,334.08600316099364,320.0,14.086003160993641
458,36.0,333.2000567989881,215.0,8.2000567989881
459,35.0,332.8857375003733,320.0,12.885737500373295
460,34.0,332.6036910362668,223.0,15.603691036266753
461,33.0,331.4587493349044,224.0,15.458749334904383
462,32.0,330.79244376452726,322.00000000000006,8.792443764527206
463,31.0,329.4461784138723,319.0,10.446178413872303
464,30.0,329.21742952251157,309.0,20.217429522511566
465,29.0,326.75283535092996,313.0,13.752835350929956
466,28.0,326.3610442768412,236.00000000000003,22.3610442768412
467,26.0,325.18088964212086,315.0,10.18088964212086
468,25.0,323.2077698513597,237.00000000000003,20.20776985135973
469,24.0,320.5284390363316,226.00000000000003,6.5284390363315765
470,24.0,318.73562163376175,229.00000000000003,7.7356216337617525
471,23.0,316.3804516205,238.99999999999997,15.380451620500025
472,22.0,313.68998688467195,306.0,7.689986884671953
473,21.0,310.8741139725035,238.0,8.874113972503494
474,20.0,308.0743678851168,237.00000000000003,5.074367885116828
475,20.0,305.3402059694617,306.0,0.6597940305383077
476,19.0,302.0979183953989,236.00000000000003,1.9020816046011078
477,18.0,298.984592647677,299.00000000000006,0.015407352323052237
478,18.0,295.05476424332494,299.00000000000006,3.9452357566751175
479,17.0,291.5012774677584,235.0,13.498722532241572
480,17.0,286.99598793486575,243.0,10.004012065134248
481,17.0,282.7503197875668,242.0,15.24968021243319
482,17.0,278.72585266176316,246.00000000000003,15.274147338236844
483,17.0,274.3496621946099,237.00000000000003,28.65033780539011
484,17.0,269.7341281808104,241.00000000000003,28.73412818081036
485,17.0,266.0469571546829,308.00000000000006,34.0469571546829
486,17.0,261.552807500259,227.0,34.55280750025901
487,18.0,257.928158989793,313.0,30.92815898979302
488,18.0,253.34548451385314,317.00000000000006,30.345484513853137
489,18.0,249.64790950946858,319.0,28.647909509468576
490,19.0,246.66350052356378,319.0,25.663500523563783
491,20.0,243.7632110070562,320.0,23.763211007056213
492,20.0,240.16621452583644,224.0,16.166214525836438
493,21.0,237.2289882590084,325.0,22.22898825900839
494,22.0,235.68024683342227,323.0,18.680246833422245
495,23.0,232.49600674306248,319.0,11.49600674306248
496,24.0,229.96831401152713,320.0,9.968314011527127
497,25.0,227.67268824854656,221.0,6.672688248546564
498,26.0,224.9580638991577,220.0,4.9580638991577075
499,26.0,224.06855264933884,215.0,9.06855264933884
500,28.0,221.53290272593375,328.0,9.532902725933752
501,29.0,219.95278970497813,316.0,4.04721029502187
502,30.0,219.093202443277,326.00000000000006,5.093202443276994
503,31.0,217.04862636327363,326.00000000000006,3.048626363273627
504,32.0,214.684179289722,329.0,3.6841792897220103
505,33.0,214.69374168284568,333.99999999999994,8.693741682845655
506,34.0,213.4952303562711,329.0,2.495230356271094
507,35.0,212.96131824755332,327.0,0.03868175244667782
508,36.0,210.79880096854652,213.0,2.201199031453484
509,37.0,210.68216331308943,209.00000000000003,1.6821633130894043
510,37.0,219.1315625611653,214.0,5.13156256116531
511,37.0,233.73189774362106,29.999999999999996,83.73189774362103
512,36.0,249.04578602183682,223.0,26.04578602183682
513,36.0,266.38919360828805,226.00000000000003,40.389193608288025
514,35.0,279.95335777800926,220.0,40.04664222199074
515,35.0,297.608008286486,219.00000000000003,23.391991713514017
516,34.0,312.79279048702915,214.0,13.207209512970906
517,34.0,331.9613664352866,211.0,2.9613664352866067
518,34.0,344.6764206060531,206.00000000000003,10.67642060605317
519,33.0,344.6518352371097,335.00000000000006,9.651835237109651
520,32.0,345.47463330753254,156.0,38.52536669246746
521,30.0,347.1913492736631,157.0,35.80865072633691
522,29.0,346.71386005855067,203.0,9.713860058550665
523,28.0,346.1237318016752,206.99999999999997,13.123731801675206
524,27.0,345.6812638707576,205.0,10.681263870757562
525,25.0,345.3439503316839,209.00000000000003,14.343950331683914
526,24.0,344.3681530837351,21.0,36.63184691626492
527,23.0,344.03788460063464,210.0,14.037884600634698
528,21.0,343.49904330840695,326.00000000000006,17.499043308406897
529,20.0,341.8332919022356,325.0,16.8332919022356
530,19.0,340.9920946862904,224.0,24.992094686290386
531,18.0,339.90552986444663,319.0,20.905529864446635
532,17.0,337.89858731009724,217.00000000000003,14.898587310097241
533,16.0,336.02121297353426,178.0,25.97878702646574
534,15.0,322.98450285553815,225.0,7.984502855538153
535,14.0,310.08643221610583,5.0,54.913567783894166
536,15.0,294.90909332211345,232.0,13.090906677886608
537,15.0,279.82088976559584,315.0,35.17911023440416
538,16.0,267.0061253678531,317.00000000000006,44.00612536785309
539,16.0,253.70328360640306,322.00000000000006,35.70328360640303
540,17.0,247.24023114530848,321.0,28.240231145308456
541,18.0,241.81975557101913,323.0,24.8197555710191
542,18.0,239.81470583620717,315.0,14.814705836207168
543,19.0,236.3351509764872,322.00000000000006,18.33515097648717
544,20.0,234.11635159458598,321.0,15.11635159458595
545,21.0,231.50603939254242,221.0,10.50603939254242
546,22.0,228.39996888870766,319.0,7.399968888707662
547,23.0,225.30018135469777,318.0,3.30018135469777
548,24.0,224.15138296379385,217.00000000000003,7.1513829637938215
549,25.0,222.16237663025387,216.0,6.162376630253874
550,26.0,220.1417271896732,217.00000000000003,3.141727189673162
551,27.0,217.8602911770151,212.0,5.860291177015114
552,28.0,216.33077730494065,235.0,18.669222695059347
553,29.0,215.35694671553807,228.00000000000003,12.643053284461956
554,30.0,214.09204710451104,234.0,19.90795289548896
555,31.0,213.16796370256054,328.0,1.1679637025605416
556,32.0,211.13461213441377,225.0,13.865387865586229
557,34.0,210.33519531776608,320.0,9.664804682233921
558,35.0,209.78741976122137,320.0,10.212580238778628
559,36.0,208.0959418265416,241.00000000000003,32.904058173458424
560,37.0,209.57496742097837,321.0,9.42503257902166
561,37.0,219.31558345822964,220.0,0.6844165417703607
562,36.0,232.02706633511863,316.0,8.027066335118633
563,36.0,240.6436100916638,224.0,16.64361009166379
564,36.0,245.94327075045803,318.0,23.943270750458026
565,36.0,245.93929683655443,323.0,28.939296836554405
566,37.0,243.95152911172391,322.00000000000006,25.951529111723886
567,38.0,243.54206767088635,322.00000000000006,25.542067670886325
568,38.0,242.20449491655756,320.0,22.204494916557564
569,39.0,240.57502971388539,326.00000000000006,26.575029713885385
570,40.0,238.7507502197491,320.0,18.750750219749108
571,40.0,237.11940565997162,321.0,18.11940565997159
572,39.0,314.48950221414384,209.00000000000003,16.51049778585616
573,39.0,312.6629626181435,221.0,6.337037381856476
574,38.0,311.1618542676863,325.0,13.838145732313706
575,37.0,309.40418316892783,322.00000000000006,12.595816831072227
576,36.0,307.87269597849433,325.0,17.127304021505665
577,35.0,306.9637497692929,224.0,9.036250230707083
578,35.0,303.89363563004724,318.0,14.106364369952757
579,34.0,301.4606515137882,225.0,13.539348486211793
580,33.0,299.96821820533523,306.0,6.0317817946647665
581,33.0,297.83245225257144,216.0,26.167547747428557
582,32.0,296.03316906667254,320.0,23.966830933327458
583,32.0,294.3782278912138,320.0,25.621772108786217
584,31.0,291.552332625388,321.0,29.447667374612024
585,31.0,289.7539690341925,318.0,28.246030965807506
586,30.0,287.888015627911,209.00000000000003,43.11198437208901
587,30.0,285.24594451790534,222.0,32.75405548209466
588,30.0,283.18464784333025,310.0,26.815352156669746
589,29.0,280.0727669728133,219.00000000000003,40.927233027186674
590,29.0,277.9927318628432,321.0,43.007268137156814
591,29.0,275.34229246654996,214.0,50.65770753345009
592,29.0,273.4205608228174,329.0,55.57943917718262
593,29.0,270.8213712955295,324.0,53.1786287044705
594,29.0,268.2545492025214,326.00000000000006,54.25454920252139
595,29.0,265.58962092697374,1.0,86.58962092697374
596,29.0,262.8654967674364,329.0,51.86549676743641
597,30.0,262.0994734327785,325.0,47.099473432778495
598,30.0,257.8793833113508,324.0,41.87938331135081
599,30.0,250.30699835787487,321.0,31.306998357874846
600,31.0,236.3266392949257,221.0,15.326639294925712
601,31.0,221.12815438512095,321.0,2.128154385120922
602,32.0,208.53438316150152,326.00000000000006,5.465616838498477
603,32.0,193.4175308856259,34.0,47.417530885625894
604,32.0,182.3252904055341,226.00000000000003,43.674709594465924
605,32.0,173.6357312535844,340.0,26.364268746415604
606,34.0,173.1580680417471,214.0,40.8419319582529
607,35.0,173.56810563501244,25.0,18.568105635012444
608,36.0,174.03995896436965,325.0,40.960041035630354
609,38.0,174.92358163219467,329.99999999999994,35.07641836780533
610,39.0,174.3173437727726,29.0,23.317343772772603
611,39.0,162.75094602397326,150.00000000000003,12.750946023973228
612,39.0,149.75368695443765,209.00000000000003,59.246313045562374
613,39.0,133.40190678708115,39.0,7.5980932129188545
614,38.0,117.74828148839005,128.0,10.251718511609951
615,38.0,101.79121592746264,139.0,37.208784072537355
616,37.0,86.41177302168711,141.0,47.41177302168711
617,36.0,70.6116810254858,41.0,29.611681025485794
618,36.0,54.11395882057938,344.00000000000006,70.11395882057934
619,35.0,36.61099711439235,342.0,54.610997114392376
620,34.0,37.41095011133638,31.0,6.410950111336383
621,33.0,37.11363869638219,31.0,6.113638696382189
622,32.0,37.689196013920984,196.0,53.689196013920935
623,31.0,39.781227677868294,201.0,60.78122767786829
624,30.0,41.446108293806745,340.0,61.44610829380673
625,29.0,43.48949295290823,198.00000000000003,61.48949295290822
626,28.0,45.41130138429281,350.00000000000006,55.411301384292756
627,28.0,46.52349522864676,134.00000000000003,0.5234952286467589
628,27.0,49.535714043340725,46.0,3.5357140433407253
629,26.0,51.36639872031198,126.0,2.6336012796880226
630,25.0,54.99684218474104,124.0,1.0031578152589589
631,24.0,57.63345682342931,119.99999999999999,2.36654317657068
632,24.0,60.0786237732073,57.00000000000001,3.0786237732072905
633,23.0,63.362563128844805,118.00000000000001,1.3625631288448048
634,23.0,67.33150424500464,130.0,17.331504245004638
635,22.0,69.7100432992509,136.0,25.710043299250906
636,22.0,72.68434431067998,117.0,9.684344310679975
637,22.0,75.30630676349216,122.0,17.30630676349216
638,21.0,79.81661174017394,43.99999999999999,35.81661174017395
639,21.0,82.3017521338857,126.0,28.3017521338857
640,21.0,85.88521135351236,349.0,96.88521135351237
641,21.0,88.6361469962726,342.0,106.6361469962726
642,21.0,92.18745094579877,128.0,35.81254905420123
643,21.0,96.08141138104496,135.0,38.91858861895504
644,22.0,100.28997132765244,130.0,29.710028672347562
645,22.0,104.23067298029325,139.0,34.76932701970675
646,22.0,106.4073442560283,195.00000000000003,88.59265574397173
647,23.0,110.14676953339634,33.0,36.85323046660366
648,23.0,113.25019121311689,146.0,32.74980878688311
649,24.0,116.0660166659649,36.0,27.933983334035105
650,25.0,118.99821295035532,36.0,25.001787049644676
651,25.0,121.41924774078984,143.0,21.580752259210158
652,26.0,123.33823593831713,144.0,20.661764061682874
653,25.0,331.98453598611445,46.0,74.01546401388555
654,24.0,331.37659702900675,146.0,62.623402970993254
655,23.0,329.3148910982029,227.0,16.314891098202907
656,22.0,328.58641061656573,318.0,10.586410616565729
657,21.0,326.19371334455445,224.0,10.193713344554453
658,20.0,324.6753689012691,227.0,11.67536890126911
659,18.0,322.5943122854203,230.99999999999997,13.594312285420301
660,18.0,320.4875140438817,308.00000000000006,12.487514043881617
661,16.0,317.76070486695806,158.0,64.23929513304194
662,16.0,314.2236783447125,163.00000000000003,62.77632165528752
663,15.0,311.5478146203549,168.0,60.45218537964507
664,14.0,304.6975185431455,162.0,73.30248145685448
665,14.0,292.3717462822026,297.0,4.628253717797406
666,14.0,283.77105481081776,194.0,62.22894518918224
667,13.0,301.07693676833003,8.0,66.92306323166997
668,13.0,319.3285318605196,321.0,1.671468139480396
669,12.0,339.5787699217876,324.0,15.578769921787625
670,12.0,354.56407124532706,341.00000000000006,13.564071245327
671,12.0,346.493191310176,324.0,22.493191310175973
672,12.0,329.9055089743962,320.0,9.905508974396184
673,13.0,311.98219105813513,12.0,60.01780894186487
674,13.0,293.9138216076185,14.999999999999998,81.0861783923815
675,13.0,293.0359060259018,166.00000000000003,80.9640939740982
676,13.0,310.5605670855721,21.999999999999996,71.43943291442793
677,12.0,328.87475740589406,321.0,7.874757405894059
678,12.0,349.3950761171463,208.00000000000003,17.395076117146232
679,12.0,1.558734552177667,345.0,16.55873455217767
680,13.0,346.2895888419195,323.0,23.28958884191951
681,12.0,332.00078882474105,320.0,12.00078882474105
682,13.0,313.664438881113,313.0,0.6644388811130284
683,13.0,294.50781662766,162.0,83.49218337233998
684,14.0,277.455490855731,24.0,106.544509144269
685,14.0,264.65688036737714,230.99999999999997,33.65688036737717
686,15.0,247.98125720295783,221.0,26.981257202957835
687,16.0,235.20185564073947,209.00000000000003,26.20185564073944
688,16.0,221.3247138444996,333.99999999999994,15.32471384449957
689,17.0,210.0280417338565,333.0,3.0280417338565258
690,18.0,203.7509198847995,197.00000000000003,6.750919884799458
691,19.0,202.13601462563912,199.0,3.1360146256391204
692,21.0,200.1735073743757,129.0,71.1735073743757
693,22.0,198.49935749887499,199.0,0.5006425011250144
694,23.0,197.08830935767963,54.0,71.08830935767963
695,24.0,196.30520889546958,47.0,63.305208895469576
696,26.0,196.36208571240493,56.0,72.36208571240493
697,27.0,195.59175740511935,49.0,64.59175740511935
698,28.0,194.85134055118678,53.0,67.85134055118675
699,29.0,194.69893772712894,59.99999999999999,74.69893772712895
700,28.0,73.62633202007683,45.0,28.62633202007683
701,28.0,76.03532343674114,133.0,29.035323436741137
702,28.0,78.79002371215637,349.0,89.79002371215637
703,27.0,81.20244882832675,55.0,26.20244882832675
704,27.0,83.78895128430935,127.00000000000003,30.78895128430935
705,27.0,86.23035284265784,55.0,31.230352842657837
706,27.0,88.93064867907066,50.0,38.93064867907066
707,27.0,92.5866356790392,43.00000000000001,44.413364320960795
708,27.0,95.84965993841772,47.0,37.150340061582284
709,27.0,97.65027378254399,46.0,36.34972621745604
710,28.0,100.52983215474582,46.0,33.47016784525421
711,28.0,103.47338634567926,43.00000000000001,33.52661365432074
712,28.0,106.39786996810182,140.0,33.602130031898184
713,29.0,108.65792913459289,200.0,91.34207086540711
714,29.0,111.65278441160757,191.0,79.34721558839243
715,30.0,113.80204727194058,143.0,29.19795272805942
716,30.0,115.97836829512609,130.0,14.021631704873911
717,31.0,118.09516889654225,188.0,69.90483110345775
718,32.0,120.5423016792735,142.0,21.457698320726493
719,32.0,121.41159452684282,140.0,18.58840547315718
720,33.0,123.73834644108518,141.0,17.261653558914816
721,34.0,124.22944322748,140.0,15.770556772519996
722,35.0,126.36598636338385,142.0,15.634013636616146
723,35.0,127.47511743457702,144.0,16.524882565422985
724,36.0,129.96132443894035,144.0,14.038675561059648
725,37.0,131.09419850534582,43.00000000000001,5.905801494654185
726,38.0,133.5111578717577,134.00000000000003,0.4888421282423394
727,38.0,135.1246050658401,37.0,7.875394934159914
728,39.0,136.05691348661452,345.0,58.94308651338551
729,40.0,280.0305337591884,146.0,113.96946624081158
730,39.0,279.39195312200985,39.0,119.60804687799015
731,39.0,277.01576112014254,140.0,122.98423887985746
732,39.0,274.99393851447934,140.0,125.00606148552066
733,39.0,271.9786705347471,142.0,126.0213294652529
734,39.0,269.806120411967,342.99999999999994,72.80612041196699
735,39.0,268.7201813145246,142.0,126.72018131452461
736,39.0,266.65147079914414,35.0,121.6514707991441
737,39.0,265.46237135300066,33.0,118.46237135300066
738,39.0,262.864411760243,142.0,120.864411760243
739,39.0,261.38552531904753,146.0,115.38552531904753
740,39.0,259.9042800357529,147.0,112.90428003575289
741,40.0,257.3979884670816,43.00000000000001,120.39798846708157
742,40.0,255.5561084706024,144.0,111.5561084706024
743,40.0,254.00810868691087,142.0,112.00810868691087
744,41.0,252.10004123411727,146.0,106.10004123411727
745,41.0,249.7731535438133,146.0,103.7731535438133
746,42.0,248.44273250258226,43.00000000000001,111.44273250258226
747,42.0,247.1145932402066,42.0,109.11459324020663
748,43.0,245.1826713875398,146.0,99.18267138753981
749,43.0,243.6507922245131,142.0,101.65079222451311
750,44.0,242.42637325736143,137.99999999999997,104.42637325736146
751,45.0,240.82578738066005,40.0,100.82578738066005
752,45.0,239.7053941790831,134.00000000000003,105.70539417908307
753,46.0,238.53407446842573,143.0,95.53407446842573
754,47.0,236.57143609479385,148.0,88.57143609479385
755,48.0,235.1461072274836,147.0,88.14610722748361
756,48.0,233.50779283193444,347.0,40.50779283193444
757,49.0,232.43838684525184,40.0,92.43838684525184
758,50.0,230.93015054687268,144.0,86.93015054687268
759,51.0,230.07833229573237,36.0,86.07833229573237
760,52.0,228.74699112299913,38.0,86.74699112299913
761,53.0,228.44370707935747,55.0,103.44370707935745
762,54.0,226.3474503836566,195.00000000000003,31.347450383656565
763,54.0,225.9185674289424,29.999999999999996,75.91856742894237
764,55.0,223.8057470460973,143.0,80.80574704609731
765,56.0,222.3486436523929,146.0,76.3486436523929
766,57.0,221.90857891610707,148.0,73.90857891610707
767,59.0,221.17781576556976,147.0,74.17781576556976
768,59.0,221.9134648657649,133.0,88.9134648657649
769,60.0,221.51916862866912,193.0,28.51916862866912
770,61.0,220.29204837645696,128.0,92.29204837645696
771,62.0,219.57920798951474,139.0,80.57920798951474
772,63.0,219.2816506401118,124.0,95.28165064011179
773,64.0,219.27963417097737,140.0,79.27963417097737
774,65.0,218.66764856165915,51.0,89.66764856165915
775,65.0,65.28678889885033,336.0,89.28678889885032
776,65.0,66.69427732966756,132.0,18.694277329667557
777,64.0,68.39860002269664,132.0,20.39860002269664
778,63.0,69.31497238832247,129.0,18.314972388322474
779,63.0,69.59411107568134,131.0,20.59411107568134
780,62.0,58.79154955062152,137.99999999999997,16.791549550621518
781,62.0,47.00223246492429,40.0,7.00223246492429
782,62.0,37.3746168648194,38.0,0.6253831351805985
783,61.0,28.44361081706288,145.00000000000003,6.556389182937121
784,60.0,27.872785253426052,40.0,12.127214746573948
785,59.0,28.431368439137692,142.0,9.568631560862308
786,57.0,28.501185381828535,141.0,10.498814618171465
787,57.0,28.847859827423026,36.0,7.152140172576974
788,55.0,28.931388290389787,32.0,3.068611709610213
789,54.0,29.154531002863276,141.0,9.845468997136724
790,53.0,29.85948766714424,145.00000000000003,5.14051233285576
791,52.0,31.34020530744151,43.00000000000001,11.659794692558496
792,51.0,31.502320580623508,142.0,6.497679419376492
793,50.0,31.033834160736465,36.0,4.966165839263535
794,48.0,32.041561766079646,34.0,1.9584382339203543
795,47.0,32.284016450885915,36.0,3.7159835491140853
796,46.0,33.20221824811715,142.0,4.797781751882852
797,45.0,33.16905927248819,143.0,3.830940727511809
798,44.0,34.30948496472191,147.0,1.3094849647219107
799,43.0,34.61271357380953,38.0,3.387286426190471
800,42.0,29.75380606544835,142.0,8.246193934551648
801,42.0,17.91640116662029,34.0,16.08359883337971
802,41.0,7.519537215057582,139.0,33.48046278494242
803,41.0,354.5624256723489,198.00000000000003,12.562425672348922
804,40.0,349.9956895066348,134.00000000000003,56.00431049336521
805,39.0,347.95068123303344,144.0,48.049318766966564
806,37.0,346.4627341954649,141.0,52.53726580453508
807,36.0,345.4914507654121,145.00000000000003,49.50854923458792
808,35.0,344.4596503549266,137.99999999999997,57.54034964507338
809,34.0,343.8073003335011,196.0,0.19269966649898151
810,32.0,343.224264064752,137.0,59.77573593524801
811,31.0,342.19915702164343,141.0,56.80084297835657
812,30.0,340.8704693525144,41.0,60.12953064748558
813,28.0,342.9653076674153,345.0,2.0346923325847115
814,27.0,341.8906464347663,38.0,56.109353565233675
815,26.0,341.3382302559154,201.0,2.3382302559153914
816,25.0,340.0902895262267,333.99999999999994,6.090289526226741
817,24.0,338.85732143767274,333.0,5.857321437672738
818,22.0,337.4817145048952,335.00000000000006,2.4817145048951375
819,21.0,336.89942283303725,327.0,9.89942283303725
820,20.0,334.44240515486143,328.0,6.442405154861433
821,18.0,332.8543646638217,220.0,12.854364663821684
822,17.0,332.4699351735839,222.0,14.469935173583906
823,16.0,330.11688774288064,322.00000000000006,8.116887742880579
824,15.0,327.7702513676757,320.0,7.770251367675712
825,14.0,325.42071193005995,222.0,7.4207119300599516
826,13.0,323.28125103194617,226.00000000000003,9.28125103194617
827,12.0,320.4377726313203,318.0,2.4377726313202857
828,12.0,314.5418183564065,312.0,2.541818356406509
829,13.0,296.2108970170724,307.0,10.789102982927602
830,13.0,280.3639646037363,300.00000000000006,19.636035396263765
831,14.0,266.67922706187954,232.0,34.679227061879544
832,14.0,251.3499574766013,221.0,30.349957476601304
833,15.0,236.72421163576308,325.0,21.724211635763083
834,15.0,220.27057471323548,327.0,7.270574713235476
835,16.0,208.49098900484594,322.00000000000006,9.509010995154085
836,16.0,196.45960754173325,329.99999999999994,13.540392458266751
837,17.0,189.97897547434482,322.00000000000006,28.021024525655207
838,18.0,188.81712757402454,329.99999999999994,21.18287242597546
839,19.0,188.76538847873138,225.0,36.23461152126862
840,21.0,187.22550887887547,323.0,29.774491121124555
841,22.0,187.4478144810275,324.0,28.552185518972493
842,23.0,186.8314631916896,322.00000000000006,31.16853680831042
843,24.0,186.54587299084173,325.0,28.45412700915827
844,26.0,185.6835041341047,325.0,29.31649586589529
845,27.0,186.00700541789925,329.0,24.99299458210075
846,28.0,185.785873652228,222.0,36.21412634777201
847,29.0,185.771790393139,322.00000000000006,32.228209606861014
848,31.0,186.09712749623174,322.00000000000006,31.902872503768293
849,32.0,185.52304162124608,329.0,25.47695837875392
850,34.0,185.411017696469,320.0,34.588982303531
851,35.0,185.29676922505155,324.0,30.70323077494845
852,36.0,185.1626620718989,325.0,29.837337928101107
853,37.0,184.92269996072963,321.0,34.0773000392704
854,39.0,184.84308717950228,323.0,32.15691282049775
855,40.0,184.2896958056917,320.0,35.71030419430829
856,41.0,184.27509130762883,332.00000000000006,23.7249086923712
857,42.0,183.5426457153848,329.0,27.457354284615207
858,44.0,183.5787871541649,214.0,30.4212128458351
859,45.0,183.54542099046773,224.0,40.45457900953227
860,47.0,184.24688398717532,329.0,26.753116012824677
861,48.0,184.10897395241778,5.0,9.108973952417756
862,49.0,184.15375723128813,213.0,28.846242768711875
863,51.0,183.93206086790812,311.0,45.06793913209191
864,52.0,183.34750461353644,233.0,49.652495386463556
865,53.0,183.9736183598366,228.00000000000003,44.026381640163436
866,54.0,183.99806315540854,333.99999999999994,22.001936844591484
867,56.0,253.69155902434255,135.0,118.69155902434255
868,56.0,252.38910447286653,193.0,59.389104472866535
869,56.0,252.29192352078346,140.0,112.29192352078346
870,57.0,250.0119702855037,142.0,108.01197028550371
871,57.0,249.44232032026605,141.0,108.44232032026605
872,58.0,248.72675510839855,197.00000000000003,51.72675510839852
873,59.0,247.072424064227,38.0,105.072424064227
874,59.0,245.92735880033615,149.0,96.92735880033615
875,60.0,244.35684773985412,139.0,105.35684773985412
876,60.0,243.83843359422846,143.0,100.83843359422846
877,60.0,10.499850846612853,40.0,29.50014915338715
878,58.0,10.006391104764717,220.0,50.0063911047647
879,57.0,9.687148246841975,318.0,51.68714824684196
880,56.0,10.545194894785764,315.0,55.545194894785766
881,55.0,10.731973084779476,318.0,52.7319730847795
882,53.0,10.982218291229577,212.0,42.98221829122957
883,52.0,11.171116516212477,327.0,44.171116516212464
884,51.0,11.318277739344886,315.0,56.318277739344865
885,50.0,12.097817354503391,221.0,53.09781735450338
886,48.0,12.217624411269002,221.0,53.217624411269014
887,47.0,11.756822709345375,307.0,64.75682270934539
888,46.0,12.698573367252303,225.0,57.69857336725232
889,45.0,12.29287548670236,221.0,53.29287548670237
890,43.0,13.257778373415295,222.0,55.257778373415306
891,42.0,12.893434956142611,310.0,62.893434956142585
892,41.0,13.901427639826524,323.0,50.90142763982652
893,39.0,14.291018246774666,220.0,54.291018246774684
894,38.0,14.575050304036496,317.00000000000006,57.57505030403644
895,37.0,14.196903036232426,316.0,58.19690303623241
896,36.0,15.296139809129764,222.0,57.296139809129784
897,34.0,15.238336311513297,221.0,56.23833631151331
898,33.0,15.711062146625862,227.0,62.71106214662586
899,32.0,16.127194101358057,226.00000000000003,62.12719410135804
900,31.0,16.76200084126487,321.0,55.762000841264864
901,30.0,18.057681555624338,218.00000000000003,56.0576815556243
902,28.0,18.127074443253637,229.00000000000003,67.12707444325366
903,27.0,19.61417434702078,233.0,72.61417434702076
904,26.0,20.3449803988695,320.0,60.344980398869495
905,25.0,20.324689056229992,225.0,65.32468905623
906,23.0,21.42248943943205,224.0,65.42248943943207
907,22.0,21.547962057595125,220.0,61.5479620575951
908,21.0,22.757242969231044,301.0,81.75724296923102
909,20.0,23.76949924924083,318.0,65.76949924924082
910,19.0,25.302538529005965,224.0,69.30253852900597
911,18.0,26.835825895477775,225.0,71.8358258954778
912,16.0,29.222366333457718,236.00000000000003,85.22236633345773
913,15.0,30.774675025332286,235.0,85.77467502533227
914,14.0,34.114837665790716,308.00000000000006,86.11483766579067
915,13.0,36.99485293576124,223.0,79.99485293576117
916,12.0,39.58144539055264,308.00000000000006,91.58144539055257
917,12.0,40.20913673889106,24.0,16.20913673889106
918,12.0,42.271041178188135,324.0,78.27104117818811
919,12.0,42.815368068850134,160.0,22.815368068850134
920,12.0,43.663100464668005,228.00000000000003,91.66310046466799
921,12.0,44.60243704676851,322.00000000000006,82.60243704676844
922,12.0,43.36808304617399,318.0,85.36808304617398
923,12.0,42.799632355622656,312.0,90.79963235562263
924,12.0,38.52267967954226,304.0,94.52267967954225
925,12.0,35.44894597048859,299.00000000000006,96.44894597048852
926,12.0,28.50840926122957,309.0,79.50840926122959
927,12.0,20.68248941021291,311.0,69.6824894102129
928,12.0,14.212875605386383,222.0,56.21287560538639
929,12.0,7.231086836099126,317.00000000000006,50.23108683609905
930,12.0,358.82679504133426,224.0,42.826795041334265
931,12.0,349.14606442477486,209.00000000000003,18.146064424774863
932,12.0,342.77650817213737,29.999999999999996,47.22349182786263
933,12.0,340.79447699601826,151.0,48.20552300398174
934,12.0,338.63900674123425,155.0,46.360993258765745
935,12.0,338.18500746153063,137.99999999999997,63.81499253846937
936,12.0,336.0808871567026,24.0,47.9191128432974
937,12.0,333.996448674804,154.00000000000003,52.003551325195986
938,12.0,332.54225789018994,26.000000000000004,53.457742109810056
939,12.0,330.6018878326148,154.00000000000003,55.39811216738519
940,12.0,329.1950617440786,148.0,62.8049382559214
941,12.0,328.9474957973126,152.0,59.05250420268737
942,12.0,328.26521195655175,27.0,58.73478804344825
943,12.0,326.60309582032147,328.0,1.396904179678529
944,12.0,324.9579556310352,27.0,62.04204436896481
945,12.0,320.805272305729,158.0,61.19472769427102
946,12.0,316.2024222850943,156.0,67.79757771490569
947,13.0,314.23026992272963,329.0,14.769730077270367
948,13.0,315.17058695020467,35.0,79.82941304979533
949,13.0,306.4065701674683,208.00000000000003,25.59342983253174
950,11.0,289.52125910200135,206.00000000000003,44.47874089799859
951,11.0,258.90123885268247,346.0,64.90123885268247
952,11.0,252.45907463405362,201.0,51.45907463405362
953,12.0,246.3561418367006,29.999999999999996,96.35614183670057
954,12.0,240.2410385274228,346.0,46.2410385274228
955,13.0,234.81059495564296,150.00000000000003,84.81059495564293
956,14.0,228.93437861330133,139.0,89.93437861330133
957,15.0,224.62849475091988,142.0,82.62849475091988
958,15.0,221.24013334378418,146.0,75.24013334378418
959,16.0,218.40846695182557,149.0,69.40846695182557
960,17.0,214.44359011971602,147.0,67.44359011971602
961,18.0,212.81367697160454,137.0,75.81367697160454
962,19.0,209.66366652642552,143.0,66.66366652642552
963,20.0,206.5896426987085,142.0,64.5896426987085
964,21.0,204.00468457186088,144.0,60.00468457186088
965,22.0,201.57217830726896,146.0,55.572178307268956
966,22.0,211.0898226235066,195.00000000000003,16.089822623506564
967,21.0,223.49901643270198,345.0,28.49901643270195
968,20.0,235.6077669519118,338.0,33.6077669519118
969,20.0,249.7024285916487,320.0,29.702428591648697
970,19.0,267.1576154613243,213.0,54.157615461324326
971,18.0,282.89902484558576,211.0,46.10097515441424
972,18.0,300.6964428675509,209.00000000000003,30.3035571324491
973,18.0,315.89100469263906,329.0,13.108995307360942
974,17.0,325.49235950681174,226.00000000000003,11.492359506811738
975,17.0,322.80823727619537,310.0,12.80823727619537
976,16.0,318.89956779047645,213.0,8.100432209523547
977,15.0,315.46685986090404,317.00000000000006,1.5331401390960195
978,14.0,312.5380740321799,212.0,15.461925967820093
979,14.0,307.3378107770692,317.00000000000006,9.662189222930863
980,13.0,301.8867547976645,321.0,19.11324520233552
981,13.0,295.7219899474942,225.0,19.278010052505806
982,12.0,289.98143979916773,309.0,19.01856020083227
983,12.0,284.06228201467826,225.0,30.93771798532174
984,12.0,277.0207269283577,318.0,40.9792730716423
985,12.0,270.1706070878202,222.0,47.8293929121798
986,12.0,263.8943328904954,317.00000000000006,40.89433289049538
987,12.0,257.0468103518624,317.00000000000006,34.046810351862405
988,13.0,250.96774396325048,323.0,33.967743963250456
989,13.0,248.798068878924,323.0,31.79806887892397
990,13.0,259.1352329515288,315.0,34.13523295152879
991,12.0,272.400285551807,320.0,47.599714448193026
992,12.0,284.20991573849875,228.00000000000003,27.79008426150125
993,11.0,289.9112359765144,224.0,26.088764023485624
994,11.0,282.0739862415194,221.0,36.92601375848062
995,11.0,274.9801228044198,324.0,49.01987719558019
996,11.0,267.1664420275415,213.0,54.16644202754151
997,11.0,261.4314703739905,293.0,14.431470373990521
998,12.0,253.89316288743584,225.0,28.893162887435835
999,12.0,248.88309496754727,229.99999999999997,18.883094967547294
1000,13.0,242.37186851524302,310.0,12.371868515243051
1001,13.0,236.9304860606312,316.0,12.93048606063121
1002,14.0,233.32916873233398,321.0,14.329168732333954
1003,15.0,228.53070758968718,320.0,8.530707589687182
1004,16.0,224.82873251555293,323.0,7.8287325155529
1005,17.0,220.34575675918836,326.00000000000006,6.345756759188362
1006,18.0,217.48835231600404,323.0,0.4883523160040113
1007,19.0,213.95224107524743,228.00000000000003,14.0477589247526
1008,20.0,209.63836175321103,214.0,4.361638246788971
1009,21.0,207.53837871208947,221.0,13.461621287910532
1010,22.0,204.17726740214312,215.0,10.822732597856884
1011,23.0,201.71683345774605,318.0,20.28316654225395
1012,24.0,199.53269995912171,228.00000000000003,28.467300040878314
1013,25.0,198.14616164842982,222.0,23.853838351570175
1014,26.0,196.74817411793447,324.0,19.251825882065532
1015,28.0,194.80709627342677,224.0,29.192903726573235
1016,29.0,192.97478930184005,226.00000000000003,33.02521069815998
1017,30.0,191.24952989894166,318.0,30.75047010105834
1018,31.0,189.4097600915658,221.0,31.5902399084342
1019,32.0,191.7370594607432,224.0,32.26294053925679
1020,32.0,202.4182558815522,225.0,22.5817441184478
1021,31.0,214.73163773433905,317.00000000000006,8.268362265660954
1022,31.0,223.28492948783241,320.0,3.2849294878324145
1023,31.0,223.60085600645255,226.00000000000003,2.399143993547483
1024,32.0,222.76079986182177,320.0,2.7607998618217664
1025,33.0,221.35322086036098,316.0,2.6467791396390226
1026,34.0,218.2233942445821,310.0,11.776605755417876
1027,35.0,216.4665954090791,226.00000000000003,9.533404590920924
1028,36.0,213.37382194115426,224.0,10.626178058845738
1029,37.0,211.88663866157242,319.0,9.11336133842758
1030,39.0,210.33036325668,325.0,4.669636743320012
1031,40.0,208.0183882243554,221.0,12.981611775644609
1032,41.0,206.04059896106764,321.0,12.959401038932384
1033,42.0,204.7500660512418,321.0,14.24993394875824
1034,43.0,202.39421540506837,322.00000000000006,15.605784594931663
1035,44.0,199.9291199999152,318.0,22.0708800000848
1036,45.0,197.96932552344506,20.0,37.969325523445065
1037,46.0,195.68737435684733,329.99999999999994,14.312625643152671
1038,47.0,193.94494694825505,324.0,22.05505305174495
1039,47.0,202.23961405723193,323.0,14.760385942768096
1040,46.0,215.46445069978165,323.0,1.5355493002183778
1041,46.0,225.9497425136454,217.00000000000003,8.949742513645361
1042,45.0,242.85983816711666,234.0,8.859838167116663
1043,44.0,248.78130984781677,226.00000000000003,22.781309847816743
1044,45.0,246.2248377891975,217.00000000000003,29.224837789197466
1045,46.0,243.88662524516027,226.00000000000003,17.886625245160246
1046,46.0,243.010851407323,223.0,20.010851407323003
1047,46.0,248.63478578637563,322.00000000000006,30.634785786375602
1048,46.0,258.087928353246,328.0,46.087928353246014
1049,45.0,269.7165136433441,209.00000000000003,60.716513643344086
1050,45.0,280.14856226112164,206.00000000000003,53.8514377388783
1051,45.0,276.05038071887077,335.00000000000006,58.94961928112929
1052,45.0,274.07899384365214,332.00000000000006,57.921006156347914
1053,45.0,271.245875529925,209.00000000000003,59.754124470075
1054,45.0,267.4600160504613,329.99999999999994,57.46001605046132
1055,45.0,263.9695714247588,25.0,108.96957142475878
1056,45.0,261.68352941004804,326.00000000000006,47.68352941004804
1057,46.0,258.61481120356035,325.0,43.61481120356035
1058,47.0,256.4095961704901,223.0,33.40959617049009
1059,47.0,255.81854278320895,313.0,28.818542783208954
1060,48.0,253.5545129944121,319.0,32.55451299441211
1061,49.0,250.5124901411285,327.0,37.512490141128495
1062,48.0,254.71177217579344,206.99999999999997,47.71177217579347
1063,48.0,264.2824092456672,201.0,63.282409245667225
1064,47.0,274.8629995079033,335.00000000000006,60.137000492096774
1065,47.0,285.4097575737337,337.0,51.590242426266286
1066,47.0,283.0621664698495,202.0,54.9378335301505
1067,47.0,280.964553504515,337.0,56.03544649548502
1068,47.0,278.07564854536145,338.0,59.924351454638554
1069,46.0,275.0792971454376,333.0,57.92070285456242
1070,46.0,271.58626596250446,211.0,57.413734037495544
1071,46.0,268.66975652363624,209.00000000000003,59.66975652363621
1072,47.0,265.89825231605846,329.0,54.89825231605846
1073,47.0,262.08956737376036,328.0,50.08956737376036
1074,47.0,258.69883357437936,329.0,47.698833574379364
1075,48.0,257.03132610359165,209.00000000000003,48.031326103591624
1076,48.0,253.7152978365171,211.0,42.715297836517095
1077,49.0,251.1799047095488,214.0,37.179904709548794
1078,49.0,246.82665303627527,327.0,33.826653036275275
1079,50.0,245.02122422248914,213.0,32.02122422248914
1080,50.0,242.1854712485102,324.0,26.185471248510197
1081,51.0,239.9038466471505,319.0,18.903846647150488
1082,52.0,237.54584601131012,318.0,15.545846011310118
1083,53.0,234.5661842869709,322.00000000000006,16.566184286970866
1084,53.0,231.56538078661703,232.0,0.43461921338297316
1085,54.0,228.88631904142227,310.0,1.113680958577703
1086,55.0,226.22877090688675,229.00000000000003,2.771229093113277
1087,56.0,224.71526917989573,225.0,0.2847308201042722
1088,57.0,222.59100001349188,315.0,2.408999986508121
1089,58.0,221.12489309717674,320.0,1.124893097176738
1090,58.0,228.42092754718962,328.0,16.42092754718962
1091,57.0,240.0582568009168,33.0,93.05825680091681
1092,57.0,251.0246651490366,221.0,30.024665149036593
1093,57.0,257.37435909461766,329.0,46.37435909461766
1094,57.0,253.73437210083654,324.0,37.73437210083654
1095,57.0,253.45086431388873,141.0,112.45086431388873
1096,58.0,250.0970389342848,209.00000000000003,41.09703893428477
1097,57.0,342.6917271825818,327.0,15.691727182581815
1098,56.0,341.0256670366021,211.0,12.025667036602101
1099,55.0,338.41808866877557,323.0,15.418088668775567
1100,54.0,336.00736799116083,226.00000000000003,22.007367991160834
1101,53.0,333.4127163411019,211.0,4.412716341101884
1102,53.0,331.48821638571695,321.0,10.488216385716953
1103,52.0,328.8459902512917,216.0,4.84599025129171
1104,51.0,327.47497522866144,332.00000000000006,4.525024771338622
1105,51.0,336.42570881516775,337.0,0.5742911848322478
1106,51.0,349.2684458337981,337.0,12.268445833798125
1107,52.0,2.79982265501879,212.0,34.79982265501877
1108,52.0,17.174714580384176,209.00000000000003,46.17471458038415
1109,53.0,31.791243376771682,145.00000000000003,3.208756623228318
1110,53.0,42.877739736148065,345.0,57.877739736148044
1111,54.0,54.529858993575,135.0,9.529858993574997
1112,55.0,68.53770140882553,47.0,21.537701408825527
1113,55.0,76.41025064291492,50.0,26.410250642914917
1114,55.0,75.50001801276433,118.00000000000001,13.500018012764329
1115,54.0,75.21427945496514,129.0,24.214279454965137
1116,54.0,74.7720189687438,133.0,27.772018968743794
1117,54.0,73.63616057949062,134.00000000000003,27.63616057949062
1118,53.0,73.50536053930465,129.0,22.505360539304647
1119,53.0,72.63453795353071,135.0,27.63453795353071
1120,52.0,72.5494081650013,41.0,31.549408165001296
1121,52.0,71.31966969741654,135.0,26.319669697416543
1122,52.0,320.2183113650261,137.99999999999997,81.78168863497388
1123,51.0,316.70269762890405,132.0,91.29730237109595
1124,51.0,314.15879844602875,135.0,90.84120155397125
1125,50.0,311.2324394447691,136.0,92.76756055523089
1126,49.0,307.679424347228,46.0,98.32057565277199
1127,49.0,303.3577092549138,131.0,105.6422907450862
1128,48.0,300.3198524983669,135.0,104.68014750163309
1129,48.0,298.08751180454067,136.0,105.91248819545933
1130,47.0,294.4069021079789,192.0,53.59309789202109
1131,47.0,292.08549331682025,47.0,114.91450668317975
1132,46.0,288.23349347838723,142.0,109.76650652161277
1133,46.0,284.3363795858489,43.99999999999999,119.66362041415113
1134,45.0,60.65093692918729,137.99999999999997,18.65093692918729
1135,44.0,60.21774240778143,128.0,8.217742407781422
1136,44.0,59.94507651469749,137.99999999999997,17.94507651469749
1137,43.0,59.17683753285277,193.0,72.1768375328528
1138,42.0,58.15553969434328,136.0,14.15553969434329
1139,42.0,57.178215324574616,39.0,18.178215324574616
1140,41.0,57.192757562180375,347.0,70.19275756218036
1141,41.0,55.5393262208952,137.0,12.539326220895191
1142,40.0,55.43008840585204,192.0,67.43008840585202
1143,39.0,54.361495556730986,136.0,10.361495556730993
1144,39.0,54.720277220093905,43.99999999999999,10.720277220093912
1145,38.0,53.26644192000398,344.00000000000006,69.2664419200039
1146,37.0,52.7020239256625,47.0,5.702023925662502
1147,36.0,52.226900396046695,49.0,3.2269003960466947
1148,35.0,49.73607192588204,47.0,2.7360719258820367
1149,35.0,48.94624962522962,134.00000000000003,2.946249625229619
1150,34.0,48.51628437141089,135.0,3.5162843714108902
1151,33.0,47.699553315744275,124.0,8.300446684255725
1152,32.0,47.26075163477141,137.0,4.2607516347714025
1153,31.0,46.09705078260048,43.99999999999999,2.0970507826004905
1154,30.0,45.2034157982101,40.0,5.203415798210102
1155,29.0,44.3970709088147,135.0,0.6029290911853025
1156,28.0,44.71816957409686,134.00000000000003,1.281830425903138
1157,27.0,44.128681159822584,48.0,3.871318840177416
1158,27.0,42.097112301745746,135.0,2.902887698254254
1159,26.0,42.7790866639537,130.0,7.220913336046301
1160,25.0,40.37436876747596,46.0,5.625631232524043
1161,24.0,40.51169350821983,132.0,7.488306491780172
1162,23.0,40.36494126828946,49.0,8.635058731710537
1163,22.0,40.36954606997537,129.0,10.630453930024629
1164,21.0,40.89118686679232,53.0,12.108813133207683
1165,20.0,40.882727948448164,132.0,7.117272051551836
1166,19.0,41.741050101708794,51.0,9.258949898291206
1167,18.0,41.109736643291846,219.00000000000003,80.10973664329185
1168,17.0,40.925083217614144,218.00000000000003,78.92508321761409
1169,16.0,40.13166982455771,325.0,75.13166982455772
1170,16.0,46.51457855413945,323.0,83.51457855413946
1171,16.0,53.5253378507743,324.0,89.52533785077429
1172,16.0,66.06882326546975,333.0,93.06882326546975
1173,17.0,75.46524419969946,205.0,100.46524419969938
1174,17.0,88.2895541825426,40.0,48.2895541825426
1175,18.0,98.1450862476019,43.99999999999999,37.854913752398105
1176,18.0,98.12646323882875,43.99999999999999,37.87353676117125
1177,18.0,94.21860265995065,36.0,49.78139734004935
1178,18.0,99.2063229993608,146.0,46.79367700063921
1179,18.0,103.27597439144094,29.999999999999996,46.72402560855909
1180,18.0,106.70829424172958,28.0,45.291705758270425
1181,19.0,111.152166628187,150.00000000000003,38.847833371813024
1182,19.0,114.35609974035754,322.00000000000006,103.64390025964249
1183,19.0,116.63396967198229,226.00000000000003,109.36603032801774
1184,20.0,122.29987754139944,226.00000000000003,103.70012245860059
1185,21.0,124.65636421575753,311.0,104.3436357842425
1186,21.0,128.13314890829224,224.0,95.86685109170776
1187,22.0,131.49530308655824,228.00000000000003,96.50469691344179
1188,23.0,132.06309393607506,232.0,99.93690606392494
1189,24.0,136.0456880041041,242.0,105.95431199589589
1190,25.0,137.3038159269907,241.00000000000003,103.69618407300933
1191,25.0,310.8175048479667,310.0,0.8175048479666884
1192,25.0,307.7943620937474,300.00000000000006,7.794362093747338
1193,24.0,305.54858999895055,245.00000000000003,10.548589998950547
1194,23.0,302.830476625393,244.0,6.830476625392976
1195,23.0,300.786088568319,243.0,3.7860885683189736
1196,22.0,297.7513314791316,321.0,23.24866852086842
1197,21.0,294.37297425342865,236.00000000000003,9.627025746571348
1198,21.0,291.82083516375246,232.0,16.179164836247594
1199,21.0,288.2816735953139,242.0,9.718326404686081
1200,20.0,284.1359999496713,225.0,30.864000050328684
1201,20.0,281.6516940141003,224.0,34.348305985899685
1202,20.0,278.2391734366021,316.0,37.76082656339793
1203,20.0,274.9309290425624,305.0,30.06907095743759
1204,20.0,271.09929444842095,233.0,35.90070555157905
1205,20.0,268.29916466012014,226.00000000000003,42.29916466012011
1206,20.0,264.01982386376466,226.00000000000003,38.01982386376463
1207,20.0,261.6032799636434,323.0,44.60327996364336
1208,21.0,257.4598407702216,324.0,41.459840770221604
1209,21.0,253.66688230165266,325.0,38.66688230165266
1210,21.0,250.3903429655811,217.00000000000003,33.390342965581084
1211,22.0,246.855610610969,325.0,31.855610610968995
1212,22.0,244.63611039449245,154.00000000000003,90.63611039449242
1213,23.0,241.59501390468898,305.0,6.595013904688983
1214,24.0,238.91418092231388,166.99999999999997,71.9141809223139
1215,25.0,235.322407240413,211.0,24.322407240413014
1216,26.0,232.72641194521321,328.0,20.726411945213215
1217,26.0,231.8632847315029,226.00000000000003,5.8632847315028584
1218,27.0,229.47826761286814,325.0,14.478267612868137
1219,28.0,228.92092228067906,16.0,64.92092228067906
1220,29.0,226.05700794462066,157.0,69.05700794462066
1221,30.0,224.7492810198971,21.999999999999996,66.7492810198971
1222,31.0,222.76585881457657,313.0,4.234141185423425
1223,32.0,221.64433556074698,26.000000000000004,67.64433556074695
1224,33.0,220.6510231147993,227.0,6.348976885200699
1225,34.0,219.2148401106767,224.0,4.785159889323296
1226,35.0,217.11541132154198,226.00000000000003,8.884588678458044
1227,36.0,216.91724576755297,322.00000000000006,1.0827542324470585
1228,37.0,215.2427357296857,214.0,1.2427357296857053
1229,39.0,214.7879988412973,324.0,1.2120011587026909
1230,40.0,214.53381950861404,327.0,1.5338195086140445
1231,40.0,203.83374775024575,216.0,12.166252249754251
1232,40.0,191.88137468353636,145.00000000000003,46.881374683536336
1233,40.0,177.0521779757797,146.0,31.0521779757797
1234,40.0,159.84069384067985,155.0,4.840693840679847
1235,40.0,151.9889017186285,216.0,64.01109828137149
1236,40.0,164.79639881896367,213.0,48.20360118103633
1237,40.0,176.76131649061216,323.0,40.23868350938787
1238,39.0,193.0021612900982,160.0,33.0021612900982
1239,39.0,208.6267720355516,323.0,8.373227964448432
1240,38.0,225.33733924516307,318.0,3.337339245163065
1241,38.0,238.44696227525264,319.0,17.446962275252645
1242,37.0,254.1700013247006,217.00000000000003,37.170001324700564
1243,36.0,269.436592193485,214.0,55.43659219348501
1244,36.0,286.8326885729516,327.0,40.16731142704839
1245,35.0,305.37902809035137,328.0,22.62097190964863
1246,35.0,319.13638408645994,214.0,6.863615913540116
1247,35.0,336.8426151875299,150.00000000000003,53.15738481247013
1248,35.0,352.7741576840861,328.0,24.774157684086106
1249,34.0,353.08939849745985,20.0,26.910601502540146
1250,32.0,352.3312240075127,155.0,32.668775992487326
1251,31.0,354.023299023176,342.0,12.02329902317598
1252,30.0,353.2245913675621,341.00000000000006,12.224591367562027
1253,28.0,352.85384969892834,161.00000000000003,26.146150301071657
1254,27.0,352.3421824812857,318.0,34.342182481285704
1255,26.0,351.90027828960484,335.00000000000006,16.900278289604785
1256,25.0,352.2189387649208,341.00000000000006,11.218938764920722
1257,23.0,351.9356994665163,209.00000000000003,20.935699466516326
1258,22.0,351.0467341745198,329.0,22.046734174519827
1259,20.0,349.8529198800494,327.0,22.8529198800494
1260,19.0,349.2482871441504,327.0,22.248287144150424
1261,18.0,347.57637721236546,320.0,27.576377212365458
1262,17.0,346.78767435665026,220.0,26.787674356650257
1263,15.0,345.0241009262615,319.0,26.024100926261497
1264,14.0,343.77272581409045,327.0,16.77272581409045
1265,13.0,342.73576413188846,190.0,7.264235868111598
1266,12.0,342.13249291946755,166.99999999999997,30.867507080532448
1267,11.0,346.6542890211661,188.0,5.345710978833836
1268,12.0,3.0146846525605318,185.0,8.014684652560504
1269,12.0,21.409022116377397,195.00000000000003,36.4090221163774
1270,12.0,43.085468942246685,146.0,9.085468942246685
1271,13.0,57.306745884258525,148.0,25.306745884258525
1272,13.0,75.26555252002677,194.0,89.26555252002674
1273,14.0,91.20702670439677,347.0,101.79297329560323
1274,15.0,107.15647124443453,139.0,31.843528755565472
1275,15.0,125.0361751165705,142.0,16.963824883429496
1276,16.0,129.64808180477087,142.0,12.351918195229132
1277,17.0,134.6871859204282,144.0,9.312814079571808
1278,18.0,138.1545604558506,200.0,61.8454395441494
1279,19.0,140.8198665912923,206.00000000000003,65.18013340870772
1280,20.0,142.688071096522,336.0,61.31192890347799
1281,21.0,144.73539470435145,150.00000000000003,5.264605295648579
1282,22.0,146.69183517440672,151.0,4.3081648255932805
1283,23.0,148.93776614358634,342.0,49.062233856413684
1284,24.0,150.09260982466006,144.0,6.092609824660059
1285,25.0,150.7074459007674,141.0,9.707445900767397
1286,26.0,151.96570857541334,141.0,10.965708575413345
1287,28.0,153.41107565456667,43.00000000000001,16.411075654566673
1288,29.0,154.2130771998681,143.0,11.21307719986811
1289,30.0,156.09943212370007,37.0,13.099432123700069
1290,31.0,156.43239779096655,137.0,19.432397790966547
1291,33.0,157.05620844071362,144.0,13.056208440713618
1292,34.0,159.3830363485756,39.0,18.383036348575587
1293,35.0,159.85247797465897,148.0,11.852477974658967
1294,36.0,160.92245961326222,135.0,25.92245961326222
1295,37.0,161.13154602769916,50.0,31.13154602769916
1296,38.0,161.5807962516768,46.0,27.58079625167676
1297,39.0,150.98409248704127,137.0,13.984092487041266
1298,38.0,135.90409950103273,146.0,10.095900498967268
1299,38.0,119.16422938962944,129.0,9.83577061037056
1300,37.0,108.11093278666249,195.00000000000003,86.88906721333754
1301,37.0,91.36529824695833,179.0,87.63470175304167
1302,36.0,74.92225013669776,135.0,29.922250136697755
1303,36.0,74.97520393654852,196.0,90.9752039365485
1304,35.0,76.38297738782356,351.0,85.38297738782353
1305,35.0,77.16807414644344,345.0,92.16807414644347
1306,35.0,79.28145851754579,127.00000000000003,26.281458517545786
1307,34.0,82.19905837972959,350.00000000000006,92.19905837972954
1308,34.0,84.38812499460478,136.0,40.38812499460479
1309,34.0,86.5340835438281,135.0,41.5340835438281
1310,34.0,88.3662898724527,189.0,97.36628987245268
1311,34.0,90.47187813495285,129.0,38.528121865047154
1312,34.0,92.41864682086597,347.0,100.58135317913403
1313,35.0,94.62033600917982,47.0,38.37966399082018
1314,35.0,2.218991379640136,339.0,23.21899137964016
1315,34.0,2.3811149497338557,41.0,38.618885050266144
1316,32.0,3.6993439345741086,151.0,25.30065606542589
1317,31.0,3.3441820465280583,142.0,34.65581795347194
1318,30.0,4.674908709397791,149.0,26.32509129060221
1319,28.0,4.630288748553004,137.0,38.369711251447
1320,27.0,4.711909035714833,146.0,29.288090964285168
1321,26.0,5.542602008516787,140.0,34.45739799148321
1322,25.0,5.916729184857307,148.0,26.083270815142694
1323,23.0,8.030192906835447,150.00000000000003,21.969807093164547
1324,22.0,8.53656958259858,32.0,23.46343041740142
1325,21.0,9.501694733397866,146.0,24.498305266602134
1326,19.0,11.246732102037367,27.0,15.753267897962633
1327,18.0,10.679385142584694,137.99999999999997,31.320614857415308
1328,17.0,12.798722601609693,133.0,34.2012773983903
1329,16.0,12.36913521597637,35.0,22.63086478402363
1330,14.0,14.017508497961531,37.0,22.98249150203847
1331,13.0,17.17535430530844,137.99999999999997,24.82464569469156
1332,12.0,18.214979189198115,142.0,19.785020810801885
1333,11.0,18.776815793306987,323.0,55.77681579330698
1334,12.0,18.7521855058808,224.0,62.75218550588079
1335,11.0,13.474203106001386,230.99999999999997,64.47420310600137
1336,11.0,355.4227160020611,227.0,42.42271600206112
1337,12.0,342.8141398899174,316.0,26.814139889917385
1338,12.0,325.5050666647402,226.00000000000003,11.505066664740184
1339,12.0,313.2974955075016,228.00000000000003,1.2974955075015941
1340,12.0,316.529115377493,329.99999999999994,13.470884622506958
1341,12.0,322.5761382988453,43.99999999999999,81.42386170115469
1342,11.0,334.80588350703425,9.0,34.19411649296575
1343,10.0,352.31581483283804,24.0,31.684185167161957
1344,11.0,10.508217294076623,192.0,22.508217294076644
1345,12.0,27.486893125440467,191.0,38.486893125440474
1346,12.0,45.12642009212627,196.0,61.12642009212618
1347,12.0,60.46584188737269,202.0,82.46584188737268
1348,13.0,80.55254554016813,144.0,44.552545540168126
1349,13.0,92.13406150232272,23.0,64.86593849767728
1350,14.0,109.079237703492,160.0,50.920762296508
1351,14.0,125.03736123778786,150.00000000000003,24.962638762212165
1352,15.0,139.43837525610775,153.0,13.561624743892253
1353,16.0,143.74316773385237,216.0,72.25683226614763
1354,17.0,145.79730248049898,328.0,66.20269751950102
1355,18.0,149.15841815154343,219.00000000000003,69.8415818484566
1356,19.0,150.48841760910923,163.00000000000003,12.511582390890794
1357,20.0,153.28779380439994,154.00000000000003,0.7122061956000891
1358,21.0,154.93234233552158,213.0,58.06765766447842
1359,22.0,156.09421648563884,327.0,56.90578351436116
1360,23.0,157.625367178168,161.00000000000003,3.374632821832023
1361,25.0,158.83960412201318,333.99999999999994,47.16039587798684
1362,26.0,160.18112224584925,208.00000000000003,47.818877754150776
1363,27.0,162.65135475453425,164.99999999999997,2.3486452454657183
1364,28.0,162.21093833017952,168.0,5.789061669820484
1365,29.0,163.02137750277132,229.00000000000003,65.97862249722871
1366,31.0,163.92036055487492,315.0,61.07963944512508
1367,32.0,166.07396293834717,214.0,47.926037061652835
1368,33.0,165.93962406616816,21.999999999999996,7.9396240661681645
1369,34.0,166.23291881391592,323.0,50.76708118608411
1370,34.0,178.99886551411052,323.0,38.00113448588951
1371,34.0,194.40974901483108,319.0,26.59025098516892
1372,34.0,210.76436067264865,221.0,10.23563932735135
1373,33.0,222.48124409312678,327.0,9.481244093126776
1374,33.0,235.95593946136069,214.0,21.955939461360686
1375,32.0,248.34511568097838,332.00000000000006,40.34511568097835
1376,32.0,249.8816629606141,233.0,16.881662960614108
1377,33.0,248.99739222690707,319.0,27.997392226907067
1378,33.0,248.39049183501336,333.0,41.39049183501339
1379,34.0,245.9757336493721,322.00000000000006,27.975733649372074
1380,34.0,243.282011597238,321.0,24.282011597237982
1381,35.0,241.93707127340497,315.0,16.937071273404968
1382,36.0,239.5496681917183,227.0,12.549668191718297
1383,36.0,238.02058819438054,218.00000000000003,20.020588194380508
1384,37.0,235.63923066641274,230.99999999999997,4.639230666412772
1385,38.0,234.1488720387185,311.0,5.14887203871848
1386,39.0,233.10036444139394,221.0,12.100364441393936
1387,40.0,230.29705039794905,226.00000000000003,4.297050397949022
1388,40.0,310.79584634333855,316.0,5.204153656661447
1389,40.0,308.0890718312803,321.0,12.910928168719693
1390,39.0,307.0604589224277,220.0,12.9395410775723
1391,38.0,305.3443614839772,221.0,13.655638516022805
1392,37.0,303.06972380666986,225.0,11.930276193330144
1393,37.0,301.5793709913796,229.00000000000003,9.42062900862038
1394,36.0,299.0540136873449,310.0,10.945986312655123
1395,36.0,297.0579907345292,313.0,15.942009265470801
1396,35.0,294.6145371315854,222.0,23.385462868414606
1397,35.0,292.22319615330287,313.0,20.776803846697135
1398,34.0,290.4406343516213,320.0,29.559365648378673
1399,34.0,288.30019845336176,221.0,30.69980154663824
1400,33.0,286.1053636700498,321.0,34.894636329950174
1401,33.0,283.27639778591936,229.99999999999997,26.723602214080643
1402,33.0,281.0509974806441,226.00000000000003,32.94900251935587
1403,33.0,279.1725855472728,213.0,47.827414452727226
1404,32.0,277.2729020553161,212.0,50.72709794468392
1405,32.0,274.6650729599967,310.0,35.33492704000332
1406,32.0,271.7647347092437,322.00000000000006,50.23526529075633
1407,32.0,269.83472005598725,223.0,46.83472005598725
1408,32.0,268.3884798019029,322.00000000000006,50.38847980190289
1409,33.0,266.1588043096403,325.0,51.15880430964029
1410,33.0,263.8770754742629,320.0,43.87707547426288
1411,33.0,262.01681333594496,322.00000000000006,44.01681333594493
1412,33.0,259.73842967849026,226.00000000000003,33.738429678490235
1413,34.0,258.7607159201556,324.0,42.760715920155576
1414,34.0,256.37087141816687,325.0,41.37087141816687
1415,34.0,253.01381604072253,224.0,29.01381604072253
1416,35.0,251.7169760619317,322.00000000000006,33.71697606193166
1417,35.0,251.91103055767428,318.0,29.91103055767428
1418,34.0,267.2714027066678,220.0,47.2714027066678
1419,34.0,284.1088880218395,211.0,44.891111978160495
1420,33.0,302.5151963959526,158.0,79.48480360404739
1421,33.0,319.3474532296415,149.0,71.65254677035853
1422,33.0,330.45448671648074,24.0,53.545513283519256
1423,33.0,343.119095368603,333.99999999999994,9.119095368603041
1424,31.0,343.7967161130031,200.0,3.7967161130030718
1425,30.0,343.80031917539014,333.0,10.800319175390143
1426,29.0,343.77462287515345,215.0,18.774622875153455
1427,28.0,343.76985325391394,329.99999999999994,13.769853253913993
1428,26.0,343.13786671870497,206.99999999999997,10.13786671870497
1429,25.0,342.4068727657027,206.99999999999997,9.406872765702701
1430,24.0,342.2007575631165,325.0,17.200757563116497
1431,22.0,341.08899347223047,326.00000000000006,15.088993472230413
1432,21.0,340.2704478450676,324.0,16.270447845067622
1433,20.0,339.0971090619485,326.00000000000006,13.097109061948458
1434,19.0,337.33111073759363,216.0,13.331110737593633
1435,17.0,336.62222031345163,324.0,12.622220313451635
1436,16.0,334.20774512993745,317.00000000000006,17.207745129937393
1437,15.0,332.5723522515085,316.0,16.572352251508505
1438,14.0,330.6873072493492,18.0,47.3126927506508
1439,13.0,327.4098186114748,236.00000000000003,23.409818611474805
1440,11.0,323.1986987373656,232.0,15.198698737365532
