2,32.0,285.0150142121862,226.00000000000003,28.984985787813798
3,33.0,268.24656759901046,308.00000000000006,36.24656759901046
4,32.0,276.98403420680916,299.00000000000006,22.0159657931909
5,32.0,289.2888702062661,319.0,29.711129793733903
6,31.0,304.33037415101137,227.0,8.66962584898863
7,31.0,319.3856601474688,323.0,3.6143398525312023
8,30.0,329.79578963265124,323.0,6.7957896326512355
9,29.0,329.14361975394655,327.0,2.1436197539465525
10,27.0,327.617947125357,318.0,9.617947125356977
11,26.0,326.31066696102573,216.0,2.3106669610257313
12,25.0,324.6905233007866,233.0,17.690523300786595
13,24.0,322.6941437758398,319.0,3.694143775839791
14,23.0,320.7454584692156,227.0,7.745458469215578
15,21.0,317.73123238782483,229.00000000000003,6.731232387824832
16,20.0,316.347460435977,311.0,5.347460435976984
17,19.0,314.21455374424886,309.0,5.21455374424886
18,18.0,310.4488822269761,20.0,150.44888222697608
19,17.0,306.2509420609245,14.0,140.25094206092447
20,16.0,302.42670615433553,164.0,138.42670615433553
21,16.0,300.2151572634539,24.0,144.21515726345388
22,15.0,305.09543512009304,21.0,146.09543512009304
23,14.0,310.2650118680556,28.0,158.26501186805558
24,13.0,316.9098856953336,318.0,1.090114304666372
25,13.0,322.276451574538,217.00000000000003,0.7235484254620133
26,13.0,327.04395765262757,213.0,0.04395765262756868
27,14.0,321.5913539329037,221.0,2.5913539329037008
28,14.0,306.6518578466009,158.0,148.65185784660088
29,14.0,288.28952032179785,307.0,18.710479678202148
30,15.0,271.48645364746505,316.0,44.513546352534945
31,15.0,263.0244630171805,318.0,41.024463017180494
32,15.0,266.02611777852184,317.00000000000006,43.02611777852184
33,15.0,263.1835544436967,150.00000000000003,113.18355444369669
34,15.0,257.57030457864255,215.0,42.57030457864255
35,15.0,253.69682777405203,214.0,39.696827774052025
36,15.0,248.31407679340487,216.0,32.314076793404865
37,16.0,243.72318448367855,212.0,31.72318448367855
38,17.0,238.40847218622244,158.0,80.40847218622244
39,17.0,233.83716907111113,208.00000000000003,25.837169071111106
40,18.0,230.88107317350259,329.0,19.881073173502585
41,19.0,227.30363481428887,161.00000000000003,66.30363481428884
42,20.0,224.3826773842383,21.999999999999996,66.38267738423829
43,21.0,222.37631900601224,318.0,0.37631900601223833
44,23.0,219.7310217547413,221.0,1.268978245258694
45,23.0,217.02018130080623,320.0,2.979818699193771
46,25.0,215.303691604576,26.000000000000004,61.30369160457596
47,26.0,213.4168684765314,214.0,0.5831315234686087
48,27.0,210.9237726899566,217.00000000000003,6.076227310043436
49,29.0,208.70558581918314,327.0,4.294414180816858
50,30.0,207.7870619437196,214.0,6.212938056280393
51,31.0,207.15466432249866,213.0,5.845335677501339
52,33.0,204.67099817681614,332.00000000000006,3.329001823183887
53,34.0,203.63119299661892,219.00000000000003,15.368807003381107
54,35.0,203.24067397074586,328.0,8.75932602925414
55,37.0,202.2367406055933,324.0,13.763259394406703
56,38.0,201.48983071723535,209.00000000000003,7.510169282764679
57,39.0,200.92186918542362,333.0,6.078130814576355
58,40.0,199.7501468575821,333.0,7.249853142417862
59,41.0,198.28440108545365,329.0,12.715598914546348
60,43.0,197.5322739770536,324.0,18.467726022946408
61,44.0,196.23655141169803,209.00000000000003,12.763448588301998
62,43.0,338.7791011935415,329.0,9.779101193541521
63,42.0,338.19713236040366,327.0,11.197132360403657
64,40.0,337.24167623669433,326.00000000000006,11.241676236694275
65,39.0,335.98565839148114,328.0,7.985658391481138
66,38.0,335.59146519781945,324.0,11.591465197819446
67,36.0,334.82133200321005,332.00000000000006,2.8213320032099887
68,35.0,333.8308538865581,219.00000000000003,12.830853886558089
69,33.0,333.2213616415055,335.00000000000006,1.778638358494561
70,32.0,332.242026617982,327.0,5.242026617981992
71,31.0,330.7726223906454,332.00000000000006,1.2273776093546758
72,30.0,329.1855364667808,320.0,9.185536466780775
73,28.0,327.7542786256292,329.0,1.2457213743708166
74,27.0,326.39735753415926,333.0,6.602642465840745
75,26.0,324.3908322511131,206.99999999999997,8.609167748886875
76,25.0,322.5497089109919,335.00000000000006,12.450291089008147
77,24.0,320.4052166620118,333.99999999999994,13.594783337988133
78,23.0,317.61720083411996,205.0,17.3827991658801
79,22.0,315.7628557826368,146.0,169.7628557826368
80,21.0,312.41268894241455,324.0,11.587311057585453
81,20.0,309.0830047257393,206.99999999999997,23.916995274260728
82,19.0,305.4651047074348,323.0,17.53489529256518
83,18.0,302.9637429140909,332.00000000000006,29.036257085909142
84,17.0,298.462111671326,325.0,26.537888328674
85,17.0,294.6882747759241,202.0,43.31172522407587
86,16.0,289.92287545327986,326.00000000000006,36.0771245467202
87,16.0,284.2583106389719,324.0,39.74168936102808
88,16.0,278.8940629265768,335.00000000000006,56.10593707342326
89,15.0,274.80743533424084,328.0,53.192564665759164
90,16.0,269.61745307652075,209.00000000000003,60.61745307652072
91,16.0,264.78920949012775,158.0,106.78920949012775
92,16.0,258.6164750743684,28.0,106.6164750743684
93,16.0,252.66486581588896,341.00000000000006,53.66486581588896
94,17.0,247.88806964856883,35.0,102.8880696485688
95,17.0,244.7446209208169,341.00000000000006,45.744620920816914
96,18.0,240.83373081076965,41.0,101.83373081076965
97,18.0,238.0521479791396,337.0,35.05214797913959
98,19.0,235.32107030370918,43.00000000000001,98.32107030370918
99,20.0,233.4185739310787,24.0,77.4185739310787
100,20.0,230.22141384762475,28.0,78.22141384762475
101,21.0,226.8527537628787,332.00000000000006,18.852753762878677
102,22.0,223.04876904301432,208.00000000000003,15.048769043014289
103,24.0,220.34601761477242,329.99999999999994,10.346017614772421
104,24.0,216.75698864487222,329.99999999999994,6.756988644872223
105,25.0,203.0266892302877,29.0,52.0266892302877
106,25.0,189.42041540881078,28.0,37.42041540881078
107,25.0,173.5639262967777,144.0,29.56392629677771
108,25.0,159.6433551488595,139.0,20.643355148859513
109,24.0,145.62733979411428,137.0,8.627339794114278
110,24.0,130.85056538512967,146.0,15.14943461487033
111,23.0,116.75879763149857,139.0,22.241202368501433
112,22.0,101.86267628194233,137.0,35.13732371805767
113,22.0,100.98654034939122,144.0,43.01345965060878
114,23.0,103.16980314967942,147.0,43.830196850320576
115,23.0,106.62844070627318,137.0,30.37155929372682
116,24.0,109.8446432991541,141.0,31.1553567008459
117,24.0,113.17143222540058,47.0,19.82856777459942
118,25.0,116.11968098860547,40.0,23.880319011394533
119,26.0,118.85290684672447,133.0,14.147093153275534
120,26.0,121.24934439621288,43.99999999999999,14.750655603787123
121,27.0,124.06156332202288,46.0,9.938436677977151
122,28.0,125.12147058163248,43.99999999999999,10.87852941836752
123,29.0,127.57932176320642,344.00000000000006,68.42067823679358
124,30.0,129.86701588679347,342.99999999999994,67.13298411320656
125,31.0,131.9590418973229,136.0,4.040958102677109
126,32.0,134.64136664475035,50.0,4.641366644750349
127,33.0,136.44337534226787,349.0,54.55662465773213
128,34.0,138.21828849657825,137.0,1.2182884965782534
129,35.0,139.67557701164807,46.0,5.675577011648045
130,36.0,140.5180112906444,43.00000000000001,3.5180112906444094
131,38.0,142.33140611858198,133.0,9.331406118581981
132,39.0,143.09384137348903,140.0,3.0938413734890275
133,40.0,144.1062573545477,136.0,8.106257354547694
134,41.0,145.7406301712903,35.0,0.7406301712902632
135,42.0,146.6078791841444,40.0,6.6078791841443945
136,44.0,147.6601374533608,45.0,12.66013745336079
137,45.0,148.75568842074878,140.0,8.755688420748783
138,46.0,149.87178036933213,142.0,7.871780369332129
139,47.0,150.21004305072205,133.0,17.21004305072205
140,49.0,151.07122889046784,141.0,10.071228890467836
141,50.0,151.01036112425214,137.99999999999997,13.01036112425217
142,52.0,152.08917034316445,145.00000000000003,7.089170343164426
143,52.0,152.19779331340126,147.0,5.197793313401263
144,54.0,152.572491778429,35.0,7.572491778428969
145,55.0,153.27553091991697,141.0,12.275530919916974
146,57.0,153.44608592458607,141.0,12.446085924586072
147,58.0,154.77136643216983,43.00000000000001,17.771366432169827
148,59.0,154.7075920757123,147.0,7.707592075712313
149,61.0,155.11008037075834,36.0,11.11008037075834
150,63.0,156.78264820756604,40.0,16.78264820756604
151,64.0,157.9487597414104,144.0,13.948759741410413
152,65.0,158.61081971296352,41.0,19.61081971296352
153,67.0,158.6934375031207,31.0,9.693437503120691
154,67.0,35.050072808744545,40.0,4.949927191255455
155,66.0,35.860100454987844,41.0,5.139899545012156
156,65.0,36.69132119293676,38.0,1.308678807063238
157,64.0,38.055101023013506,147.0,5.055101023013506
158,63.0,39.028373999343266,333.99999999999994,166.97162600065676
159,62.0,39.61214181686348,46.0,6.387858183136522
160,61.0,39.56600317932251,147.0,6.566003179322507
161,60.0,41.24485100698726,143.0,4.244851006987261
162,59.0,42.071425804517254,39.0,3.071425804517254
163,58.0,42.598546134240884,141.0,3.598546134240884
164,57.0,43.3803499929742,143.0,6.380349992974203
165,56.0,44.50598159503552,144.0,8.505981595035522
166,55.0,45.1452394396214,32.0,13.145239439621399
167,54.0,46.057273085904754,141.0,7.057273085904754
168,53.0,46.81828085487288,142.0,8.818280854872881
169,52.0,48.32922698611553,139.0,7.329226986115529
170,51.0,50.253279482926665,45.0,5.253279482926665
171,50.0,50.952258090743825,139.0,9.952258090743825
172,49.0,52.97812258321782,143.0,15.978122583217818
173,48.0,54.43501787370753,41.0,13.43501787370753
174,48.0,57.17547850643373,143.0,20.175478506433727
175,47.0,57.261547830987894,142.0,19.261547830987894
176,46.0,59.85795717739642,149.0,28.857957177396422
177,45.0,317.98028594436323,37.0,174.98028594436323
178,44.0,316.7736350919227,43.00000000000001,179.7736350919227
179,43.0,315.6783169066387,320.0,4.321683093361287
180,42.0,314.96979152792073,225.0,0.030208472079266357
181,41.0,312.58663488821963,29.0,161.58663488821963
182,40.0,311.5778945045437,315.0,3.4221054954563215
183,39.0,309.9860613228449,316.0,6.013938677155124
184,38.0,308.3090620208398,228.00000000000003,3.6909379791601964
185,37.0,305.7624869120791,229.99999999999997,4.237513087920888
186,36.0,304.7787754482939,304.0,0.7787754482939135
187,35.0,301.7000800428079,306.0,4.299919957192117
188,34.0,300.1414150878252,236.00000000000003,3.8585849121748197
189,33.0,298.4276467105415,233.0,8.572353289458476
190,33.0,296.09702031553326,233.0,10.902979684466743
191,32.0,293.7605817056172,304.0,10.239418294382801
192,31.0,291.7139353604168,304.0,12.286064639583174
193,31.0,289.8109914894773,234.0,16.189008510522683
194,30.0,285.9037866917042,227.0,27.096213308295773
195,30.0,283.67822458013035,235.0,21.321775419869653
196,29.0,280.9489590705284,297.0,16.051040929471583
197,29.0,279.1860037960419,235.0,25.813996203958084
198,29.0,275.8644385699645,237.00000000000003,27.135561430035523
199,29.0,273.06409952883337,28.0,121.06409952883337
200,29.0,269.8513092076077,227.0,42.8513092076077
201,29.0,267.6934191538283,142.0,125.6934191538283
202,29.0,263.7499618249037,150.00000000000003,113.74996182490369
203,29.0,260.94653071981253,45.0,125.94653071981253
204,29.0,258.3358098728339,323.0,41.33580987283389
205,30.0,256.30402183136096,333.0,49.304021831360984
206,30.0,254.1148723170989,43.00000000000001,117.1148723170989
207,30.0,251.16325876511678,153.0,98.16325876511678
208,31.0,249.1349150635935,329.0,38.134915063593496
209,31.0,246.47397024025346,199.0,47.473970240253465
210,32.0,243.5276481874232,31.0,94.52764818742321
211,32.0,241.51816400846263,206.00000000000003,35.518164008462605
212,33.0,239.23148079850978,146.0,93.23148079850978
213,34.0,238.33953670069397,226.00000000000003,12.339536700693941
214,35.0,236.1639956427054,28.0,84.1639956427054
215,36.0,233.6319616981542,29.0,82.63196169815421
216,36.0,232.6220578104135,27.0,79.62205781041351
217,37.0,230.59393152022426,154.00000000000003,76.59393152022423
218,38.0,228.97588942144105,210.0,18.975889421441053
219,39.0,227.2645947362879,153.0,74.2645947362879
220,41.0,225.64171102052387,25.0,70.64171102052387
221,41.0,224.7462247102516,28.0,72.7462247102516
222,42.0,221.82440786224032,33.0,74.82440786224032
223,44.0,221.01959075034011,209.00000000000003,12.019590750340086
224,45.0,218.36748799746567,29.999999999999996,68.36748799746564
225,46.0,217.37913283633745,27.0,64.37913283633745
226,47.0,216.60671700472776,154.00000000000003,62.60671700472773
227,48.0,214.5270710487656,327.0,1.527071048765606
228,50.0,214.09998853356643,35.0,69.0999885335664
229,51.0,212.1409796015908,29.0,61.1409796015908
230,52.0,212.05317709590688,34.0,66.05317709590688
231,53.0,210.84641403117593,213.0,2.153585968824075
232,53.0,219.1989869873642,214.0,5.198986987364208
233,53.0,231.4002248485225,159.0,72.4002248485225
234,52.0,252.87198339616737,158.0,94.87198339616737
235,51.0,270.16576807551553,323.0,52.83423192448447
236,51.0,272.36833379903584,329.99999999999994,57.631666200964105
237,52.0,259.8841698220875,320.0,39.88416982208747
238,52.0,245.20421144115596,306.0,11.204211441155962
239,53.0,227.98448114354366,327.0,14.984481143543661
240,53.0,216.09756098877403,212.0,4.097560988774035
241,53.0,224.9441037636424,21.0,65.9441037636424
242,52.0,240.76906953348117,312.0,12.769069533481144
243,51.0,257.34198782212235,333.99999999999994,51.34198782212232
244,50.0,273.6139657987024,322.00000000000006,48.38603420129766
245,50.0,286.37145952004255,227.0,26.62854047995745
246,49.0,299.07172170187874,232.0,8.928278298121313
247,49.0,299.6724573987928,312.0,12.327542601207199
248,48.0,300.76380382423986,233.0,6.236196175760142
249,48.0,297.99216257100215,230.99999999999997,11.007837428997846
250,47.0,297.3104406104671,228.00000000000003,14.689559389532917
251,46.0,296.7324863396251,226.00000000000003,17.267513660374902
252,46.0,298.11841851084273,232.0,9.881581489157327
253,45.0,309.4865037320529,225.0,5.513496267947119
254,45.0,321.92406857218003,220.0,1.9240685721800332
255,45.0,331.70257628119646,326.00000000000006,5.7025762811964
256,44.0,340.85030293543207,321.0,19.85030293543207
257,43.0,341.39507588281344,322.00000000000006,19.395075882813387
258,41.0,341.5863081115447,325.0,16.586308111544724
259,40.0,340.8591386040028,321.0,19.859138604002794
260,39.0,339.77601099332054,223.0,22.776010993320483
261,37.0,339.1500640882317,321.0,18.150064088231716
262,36.0,338.167690205571,315.0,23.167690205570977
263,34.0,336.43570606374686,319.0,17.435706063746863
264,33.0,335.94636843675005,224.0,19.94636843675005
265,32.0,334.5757115674579,236.00000000000003,30.575711567457915
266,30.0,333.9917092217147,324.0,9.9917092217147
267,29.0,331.1236165132419,216.0,7.123616513241927
268,28.0,329.57046976105005,224.0,13.570469761050049
269,27.0,327.6509964566678,316.0,11.650996456667826
270,26.0,325.45721352297164,317.00000000000006,8.457213522971585
271,25.0,323.7785453448866,315.0,8.778545344886595
272,23.0,320.85699649571876,311.0,9.85699649571876
273,22.0,318.0882351927395,241.00000000000003,19.088235192739432
274,21.0,315.09959153591956,241.00000000000003,16.0995915359195
275,21.0,311.5970220978196,306.0,5.597022097819604
276,20.0,308.9398134086131,169.0,139.93981340861308
277,19.0,304.5339955325677,234.0,1.466004467432299
278,18.0,299.08013467276874,238.99999999999997,1.919865327231264
279,18.0,295.2369798984548,353.0,57.76302010154518
280,17.0,290.8131543743282,9.0,119.81315437432818
281,17.0,286.02283000007947,301.0,14.977169999920534
282,16.0,280.3789603911931,236.00000000000003,23.621039608806882
283,16.0,275.3052250943163,307.0,31.694774905683687
284,16.0,271.3105767592647,309.0,37.68942324073532
285,17.0,266.9116218755219,229.00000000000003,37.91162187552189
286,17.0,261.7654789021321,227.0,34.76547890213209
287,17.0,256.0401492653542,317.00000000000006,33.040149265354216
288,18.0,251.49007442639072,322.00000000000006,33.49007442639069
289,18.0,249.0208180887015,321.0,30.020818088701475
290,19.0,244.03013513338695,324.0,28.03013513338695
291,19.0,240.24645854004046,212.0,28.246458540040464
292,20.0,235.87042815628763,329.99999999999994,25.87042815628763
293,21.0,231.8377333027234,328.0,19.837733302723393
294,22.0,229.90545345386124,328.0,17.90545345386124
295,23.0,227.37572635360775,208.00000000000003,19.375726353607718
296,25.0,225.6911983379361,328.0,13.6911983379361
297,26.0,224.06349061033538,329.0,13.063490610335379
298,25.0,233.76861512982137,220.0,13.76861512982137
299,25.0,242.66238713017873,318.0,20.66238713017873
300,24.0,261.72207374923914,216.0,45.722073749239144
301,23.0,278.6555459570619,223.0,38.34445404293814
302,22.0,293.28655906461535,302.0,8.713440935384654
303,22.0,307.3454580432935,8.0,135.34545804329346
304,21.0,309.3609612094314,7.0,136.36096120943142
305,20.0,308.2225824969341,298.0,10.22258249693408
306,19.0,305.28106321914095,179.0,126.28106321914095
307,18.0,301.4925688372044,239.99999999999997,1.4925688372043169
308,18.0,297.087490128526,236.00000000000003,6.912509871474015
309,17.0,292.63754936780947,238.99999999999997,8.36245063219053
310,16.0,286.73691680255826,238.0,15.263083197441745
311,16.0,281.6117824678682,236.00000000000003,22.38821753213182
312,16.0,276.9723300510446,298.0,21.027669948955406
313,16.0,270.6637801517488,310.0,39.336219848251176
314,16.0,266.9969717044424,226.00000000000003,40.99697170444236
315,16.0,260.73248964864064,226.00000000000003,34.73248964864061
316,16.0,257.7606943273803,317.00000000000006,34.76069432738029
317,17.0,250.89817776520323,324.0,34.89817776520323
318,17.0,246.84506859896328,220.0,26.84506859896328
319,18.0,243.3615673509919,322.00000000000006,25.361567350991862
320,19.0,239.79812269094862,320.0,19.798122690948617
321,19.0,235.796664113491,329.99999999999994,25.796664113491005
322,20.0,232.9549958909418,324.0,16.954995890941802
323,21.0,230.4328190101299,315.0,5.43281901012989
324,22.0,227.09490150406367,216.0,11.094901504063671
325,23.0,225.34609844623566,226.00000000000003,0.6539015537643706
326,24.0,223.48732860956056,309.0,7.512671390439408
327,25.0,221.65020538336586,324.0,5.650205383365858
328,26.0,220.57260559662606,328.0,8.572605596626062
329,27.0,218.29139211343457,322.00000000000006,0.2913921134345401
330,29.0,216.83329713505978,229.99999999999997,13.166702864940191
331,30.0,215.06491570337542,214.0,1.0649157033754193
332,31.0,214.2264519503096,225.0,10.77354804969039
333,32.0,212.87780110035567,219.00000000000003,6.12219889964436
334,33.0,212.4125427504667,221.0,8.587457249533287
335,35.0,210.57060073502618,325.0,4.429399264973824
336,36.0,209.8294283902834,219.00000000000003,9.170571609716632
337,37.0,208.9510662933677,318.0,13.048933706632312
338,38.0,208.48037566416124,222.0,13.519624335838756
339,39.0,207.3175181209042,315.0,17.682481879095803
340,41.0,206.1851654017205,221.0,14.814834598279504
341,42.0,205.09807330720474,213.0,7.901926692795257
342,44.0,204.8528738222099,321.0,14.147126177790142
343,45.0,203.45664689770751,237.00000000000003,33.543353102292514
344,46.0,203.1432388028742,320.0,16.856761197125792
345,47.0,202.65936016664918,219.00000000000003,16.34063983335085
346,49.0,201.96888357915714,320.0,18.031116420842864
347,50.0,200.54543040489276,329.99999999999994,9.454569595107245
348,51.0,199.81984735930538,321.0,19.180152640694644
349,53.0,199.82816631299642,216.0,16.171833687003584
350,54.0,199.38177281052074,321.0,19.618227189479285
351,56.0,199.1435281647198,323.0,17.856471835280217
352,57.0,198.65891205449608,324.0,17.341087945503915
353,58.0,198.37898055364687,218.00000000000003,19.62101944635316
354,60.0,197.69229541754675,323.0,19.307704582453283
355,61.0,197.88930333719804,325.0,17.110696662801956
356,62.0,267.0878709034003,220.0,47.0878709034003
357,62.0,265.5596713633728,317.00000000000006,42.559671363372786
358,62.0,264.7550459239354,319.0,43.75504592393543
359,63.0,263.58835605735385,329.99999999999994,53.58835605735385
360,63.0,262.1864012851684,215.0,47.186401285168415
361,63.0,260.56226886332433,324.0,44.562268863324334
362,63.0,258.3609130791003,322.00000000000006,40.3609130791003
363,64.0,257.18064705298764,212.0,45.18064705298764
364,64.0,256.45702312982587,208.00000000000003,48.45702312982584
365,64.0,255.98700317999862,333.0,48.98700317999865
366,65.0,254.46058229086879,329.0,43.460582290868786
367,65.0,253.74143772877113,212.0,41.74143772877113
368,64.0,27.80559453909708,325.0,187.1944054609029
369,63.0,29.245817960865256,327.0,183.75418203913475
370,62.0,28.65931473062568,327.0,184.34068526937432
371,60.0,29.025662150278762,320.0,190.97433784972122
372,59.0,29.9130139078533,327.0,183.0869860921467
373,58.0,29.793487616816865,227.0,197.20651238318314
374,56.0,31.204018592296297,322.00000000000006,186.79598140770372
375,55.0,31.10149082116944,325.0,183.89850917883055
376,54.0,32.11149801285878,214.0,181.8885019871412
377,53.0,33.38873985733863,213.0,179.61126014266137
378,52.0,34.226311206916435,315.0,190.77368879308358
379,50.0,34.70157339827738,218.00000000000003,183.29842660172264
380,49.0,36.18545674066565,320.0,183.81454325933436
381,48.0,36.95083227155852,321.0,182.04916772844152
382,47.0,37.77857713971503,218.00000000000003,180.221422860285
383,46.0,39.46798137550208,321.0,179.53201862449794
384,45.0,40.66179108923624,221.0,180.33820891076377
385,44.0,42.12200724019722,329.99999999999994,167.8779927598028
386,42.0,44.006122354753934,219.00000000000003,174.9938776452461
387,42.0,44.4336271080013,318.0,177.5663728919987
388,41.0,45.501573815458286,209.00000000000003,163.49842618454176
389,40.0,46.69574826393019,213.0,166.3042517360698
390,39.0,48.03795978031457,208.00000000000003,159.96204021968546
391,38.0,50.10430300794361,325.0,164.8956969920564
392,37.0,52.567305858778184,215.0,162.43269414122182
393,36.0,53.10439585200577,317.00000000000006,169.89560414799422
394,35.0,55.3372950140678,226.00000000000003,170.66270498593224
395,34.0,57.71744248964984,306.0,176.28255751035016
396,33.0,59.322889340042614,318.0,162.67711065995738
397,33.0,61.383407331720704,225.0,163.61659266827928
398,32.0,63.333773966672844,305.0,171.66622603332715
399,31.0,65.34418675099404,318.0,156.65581324900597
400,31.0,67.66981099436833,222.0,154.33018900563167
401,30.0,68.90748575061757,226.00000000000003,157.09251424938248
402,30.0,71.5923244650449,317.00000000000006,151.4076755349551
403,29.0,74.96877340483891,311.0,154.03122659516112
404,29.0,77.6068104162966,229.99999999999997,152.39318958370336
405,28.0,80.60969481223985,312.0,147.3903051877602
406,28.0,83.07178702655547,225.0,141.92821297344454
407,28.0,85.62312309257658,315.0,139.37687690742342
408,28.0,88.86002101557679,227.0,138.1399789844232
409,28.0,91.56132395223618,224.0,132.4386760477638
410,28.0,95.47719023547543,226.00000000000003,130.5228097645246
411,28.0,96.91653446488753,305.0,138.08346553511245
412,28.0,100.09999990201734,317.00000000000006,122.90000009798266
413,29.0,102.16125677972654,316.0,121.83874322027346
414,29.0,105.11960830574857,308.00000000000006,126.88039169425143
415,29.0,107.79143258914873,226.00000000000003,118.2085674108513
416,30.0,110.08064457542905,226.00000000000003,115.91935542457098
417,30.0,112.38098859066581,226.00000000000003,113.61901140933422
418,31.0,115.91337733397583,227.0,111.08662266602417
419,32.0,117.60252730042622,228.00000000000003,110.39747269957381
420,32.0,119.67731184165689,227.0,107.32268815834311
421,33.0,121.57699032364162,233.0,111.42300967635838
422,34.0,123.83286653480225,228.00000000000003,104.16713346519778
423,35.0,126.0573447868461,234.0,107.9426552131539
424,36.0,128.05428751374222,227.0,98.94571248625778
425,37.0,129.7006355957983,311.0,99.29936440420173
426,37.0,130.89668571303682,230.99999999999997,100.10331428696315
427,38.0,131.7125875076807,228.00000000000003,96.28741249231933
428,39.0,133.94002379309117,226.00000000000003,92.05997620690886
429,40.0,135.35041750396064,234.0,98.64958249603936
430,41.0,137.1768555903775,234.0,96.8231444096225
431,42.0,138.271372922619,226.00000000000003,87.72862707738102
432,43.0,139.9654153957626,229.99999999999997,90.03458460423738
433,45.0,140.9588343673408,238.0,97.04116563265919
434,46.0,142.26289573997923,309.0,88.73710426002074
435,46.0,291.7300176417608,229.99999999999997,18.26998235823919
436,46.0,290.5002017191199,238.0,11.4997982808801
437,45.0,288.5316540243963,236.00000000000003,15.468345975603711
438,45.0,287.34525982583625,189.0,63.65474017416375
439,45.0,284.9070079222921,317.00000000000006,32.09299207770795
440,44.0,283.0183248044038,298.0,14.98167519559621
441,44.0,280.91304181068983,305.0,24.086958189310167
442,44.0,278.6519226409237,230.99999999999997,30.348077359076285
443,44.0,277.17898850803874,227.0,35.82101149196126
444,44.0,274.9527897236124,230.99999999999997,34.0472102763876
445,44.0,272.0791175547672,222.0,45.92088244523279
446,44.0,270.7739137098588,310.0,39.22608629014121
447,44.0,269.38704547618397,227.0,42.38704547618397
448,44.0,268.74332874266696,320.0,48.74332874266696
449,44.0,265.5858468277422,304.0,29.585846827742188
450,44.0,265.25515721729914,323.0,48.255157217299114
451,44.0,263.4971458731653,236.00000000000003,27.497145873165294
452,44.0,261.6271547023479,315.0,36.62715470234792
453,44.0,271.451910278255,319.0,47.54808972174499
454,43.0,289.98580934172,226.00000000000003,24.014190658279972
455,43.0,304.7140803461267,223.0,12.28591965387335
456,42.0,322.71381756117967,319.0,3.713817561179667
457,42.0,334.1363952007839,320.0,14.136395200783909
458,40.0,333.25241642277456,325.0,8.252416422774559
459,39.0,332.9400986490366,320.0,12.9400986490366
460,38.0,332.65987587150386,317.00000000000006,15.6598758715038
461,37.0,331.5171918871911,224.0,15.517191887191075
462,36.0,330.79244376452726,322.00000000000006,8.792443764527206
463,34.0,329.50957473339264,319.0,10.50957473339264
464,33.0,329.2837116991297,230.99999999999997,20.283711699129697
465,32.0,326.82127343231946,227.0,13.821273432319458
466,31.0,326.43257710963326,304.0,22.432577109633257
467,29.0,325.2556190271788,225.0,10.255619027178795
468,28.0,323.2856820683558,237.00000000000003,20.28568206835581
469,27.0,320.6095868258236,226.00000000000003,6.609586825823612
470,26.0,318.73562163376175,311.0,7.7356216337617525
471,25.0,316.3804516205,238.99999999999997,15.380451620500025
472,24.0,313.68998688467195,306.0,7.689986884671953
473,23.0,310.8741139725035,238.0,8.874113972503494
474,23.0,308.0357850951441,237.00000000000003,5.035785095144092
475,22.0,305.3402059694617,234.0,0.6597940305383077
476,21.0,302.0979183953989,236.00000000000003,1.9020816046011078
477,21.0,298.98459264767695,241.00000000000003,0.01540735232310908
478,20.0,295.05476424332494,241.00000000000003,3.9452357566751175
479,19.0,291.5012774677584,235.0,13.498722532241572
480,19.0,286.9172153059463,243.0,10.082784694053714
481,19.0,282.7503197875668,242.0,15.24968021243319
482,19.0,278.72585266176316,294.0,15.274147338236844
483,19.0,274.3496621946099,237.00000000000003,28.65033780539011
484,19.0,269.7341281808104,241.00000000000003,28.73412818081036
485,19.0,265.97716996534274,232.0,33.97716996534274
486,19.0,261.552807500259,227.0,34.55280750025901
487,20.0,257.9052425117253,227.0,30.905242511725305
488,20.0,253.34548451385314,317.00000000000006,30.345484513853137
489,21.0,249.64790950946858,221.0,28.647909509468576
490,21.0,246.69740704634881,221.0,25.697407046348815
491,22.0,243.7632110070562,320.0,23.763211007056213
492,23.0,240.16621452583644,316.0,16.166214525836438
493,23.0,237.2289882590084,325.0,22.22898825900839
494,24.0,235.68024683342225,217.00000000000003,18.680246833422217
495,25.0,232.49600674306248,221.0,11.49600674306248
496,26.0,229.96831401152713,320.0,9.968314011527127
497,27.0,227.67268824854654,319.0,6.672688248546535
498,29.0,224.95806389915768,220.0,4.958063899157679
499,29.0,224.06855264933884,215.0,9.06855264933884
500,31.0,221.53290272593375,328.0,9.532902725933752
501,32.0,219.95278970497813,224.0,4.04721029502187
502,33.0,219.093202443277,326.00000000000006,5.093202443276994
503,34.0,217.04862636327363,326.00000000000006,3.048626363273627
504,35.0,215.4113663563806,329.0,4.411366356380597
505,37.0,214.69374168284565,333.99999999999994,8.693741682845626
506,38.0,213.49523035627107,211.0,2.4952303562710654
507,39.0,212.96131824755332,327.0,0.03868175244667782
508,41.0,210.79880096854652,327.0,2.201199031453484
509,42.0,210.6821633130894,209.00000000000003,1.6821633130893758
510,42.0,219.1315625611653,214.0,5.13156256116531
511,41.0,233.73189774362106,29.999999999999996,83.73189774362103
512,40.0,249.06308459307246,317.00000000000006,26.06308459307246
513,40.0,266.38919360828805,226.00000000000003,40.389193608288025
514,39.0,279.95335777800926,320.0,40.04664222199074
515,38.0,297.608008286486,321.0,23.391991713514017
516,38.0,312.79279048702915,326.00000000000006,13.207209512970906
517,38.0,331.9613664352866,329.0,2.9613664352866067
518,38.0,344.6764206060531,206.00000000000003,10.67642060605317
519,37.0,344.6518352371097,205.0,9.651835237109651
520,35.0,345.47463330753254,24.0,189.47463330753254
521,34.0,347.1913492736631,23.0,190.1913492736631
522,32.0,346.71386005855067,203.0,9.713860058550665
523,31.0,346.14803121457123,333.0,13.148031214571233
524,30.0,345.6812638707576,335.00000000000006,10.681263870757562
525,28.0,345.3439503316839,209.00000000000003,14.343950331683914
526,27.0,344.3681530837351,21.0,185.36815308373508
527,25.0,344.03788460063464,329.99999999999994,14.037884600634698
528,24.0,343.49904330840695,214.0,17.499043308406897
529,23.0,341.8332919022356,325.0,16.8332919022356
530,21.0,340.9920946862904,316.0,24.992094686290386
531,20.0,339.90552986444663,221.0,20.905529864446635
532,18.0,337.89858731009724,217.00000000000003,14.898587310097241
533,17.0,336.02121297353426,2.0,158.02121297353426
534,16.0,323.4921997228982,225.0,8.492199722898192
535,16.0,310.0864322161058,175.00000000000003,135.08643221610575
536,16.0,294.90909332211345,308.00000000000006,13.090906677886608
537,17.0,279.82088976559584,315.0,35.17911023440416
538,18.0,266.91945754021,317.00000000000006,43.919457540209976
539,18.0,253.70328360640306,322.00000000000006,35.70328360640303
540,19.0,247.24023114530848,321.0,28.240231145308456
541,20.0,241.81975557101913,323.0,24.8197555710191
542,21.0,239.81470583620714,315.0,14.814705836207139
543,21.0,236.33515097648717,322.00000000000006,18.335150976487142
544,22.0,233.8685220110485,321.0,14.86852201104847
545,23.0,231.50603939254242,319.0,10.50603939254242
546,24.0,228.39996888870763,319.0,7.399968888707633
547,25.0,225.30018135469777,318.0,3.30018135469777
548,26.0,224.10967823685328,323.0,7.109678236853256
549,27.0,222.16237663025387,324.0,6.162376630253874
550,29.0,220.14172718967316,217.00000000000003,3.1417271896731336
551,30.0,217.86029117701509,328.0,5.860291177015085
552,31.0,216.33077730494065,235.0,18.669222695059347
553,32.0,215.35694671553804,228.00000000000003,12.643053284461985
554,33.0,214.09204710451104,234.0,19.90795289548896
555,35.0,213.1679637025605,328.0,1.1679637025605132
556,36.0,211.13461213441374,315.0,13.865387865586257
557,37.0,210.33519531776608,320.0,9.664804682233921
558,38.0,209.82303816775695,320.0,10.176961832243052
559,40.0,208.0959418265416,299.00000000000006,32.904058173458424
560,41.0,209.57496742097837,321.0,9.42503257902166
561,41.0,219.31558345822964,220.0,0.6844165417703607
562,40.0,232.02706633511863,316.0,8.027066335118633
563,40.0,240.6436100916638,224.0,16.64361009166379
564,40.0,245.94327075045803,222.0,23.943270750458026
565,40.0,245.93929683655443,323.0,28.939296836554405
566,41.0,243.95152911172391,218.00000000000003,25.951529111723886
567,42.0,243.54206767088633,322.00000000000006,25.542067670886297
568,42.0,242.20449491655756,320.0,22.204494916557564
569,43.0,240.57502971388539,326.00000000000006,26.575029713885385
570,44.0,239.3373085179604,320.0,19.337308517960395
571,45.0,237.11940565997162,321.0,18.11940565997159
572,44.0,314.52008832857524,209.00000000000003,16.47991167142476
573,43.0,312.6128264116579,221.0,6.38717358834208
574,42.0,311.1618542676863,215.0,13.838145732313706
575,41.0,309.40418316892783,218.00000000000003,12.595816831072227
576,40.0,307.1750219503251,325.0,17.824978049674883
577,39.0,306.9637497692929,224.0,9.036250230707083
578,39.0,303.98240341360935,318.0,14.017596586390653
579,38.0,301.46065151378815,225.0,13.53934848621185
580,37.0,299.96821820533523,234.0,6.0317817946647665
581,36.0,297.83245225257144,324.0,26.167547747428557
582,36.0,296.03316906667254,320.0,23.966830933327458
583,35.0,293.6813691287973,320.0,26.318630871202686
584,35.0,291.552332625388,321.0,29.447667374612024
585,34.0,289.7539690341925,222.0,28.246030965807506
586,34.0,287.888015627911,209.00000000000003,43.11198437208901
587,33.0,285.24594451790534,318.0,32.75405548209466
588,33.0,283.18464784333025,310.0,26.815352156669746
589,33.0,280.1205212186155,321.0,40.87947878138448
590,33.0,277.9927318628432,321.0,43.007268137156814
591,32.0,275.34229246654996,326.00000000000006,50.65770753345009
592,32.0,273.4205608228174,211.0,55.57943917718262
593,32.0,270.8213712955295,324.0,53.1786287044705
594,32.0,268.2545492025214,326.00000000000006,54.25454920252139
595,33.0,265.58962092697374,1.0,86.58962092697374
596,33.0,262.8654967674364,211.0,51.86549676743641
597,33.0,262.0994734327785,325.0,47.099473432778495
598,33.0,258.4869729257178,216.0,42.486972925717794
599,34.0,250.30699835787487,321.0,31.306998357874846
600,34.0,236.3266392949257,319.0,15.326639294925712
601,35.0,221.12815438512092,321.0,2.1281543851208937
602,35.0,208.53438316150152,326.00000000000006,5.465616838498477
603,36.0,193.4175308856259,146.0,47.417530885625894
604,36.0,182.61947475353057,226.00000000000003,43.38052524646946
605,36.0,173.63573125358442,340.0,26.364268746415576
606,38.0,172.64122712919533,326.00000000000006,41.35877287080467
607,39.0,173.56810563501244,155.0,18.568105635012444
608,40.0,174.03995896436965,325.0,40.960041035630354
609,42.0,174.9235816321947,210.0,35.0764183678053
610,43.0,173.69036224714475,151.0,22.690362247144748
611,43.0,162.75094602397326,150.00000000000003,12.750946023973228
612,43.0,149.75368695443765,209.00000000000003,59.246313045562374
613,43.0,134.36019301901385,141.0,6.639806980986151
614,42.0,117.74828148839005,52.00000000000001,10.251718511609951
615,42.0,101.79121592746264,139.0,37.208784072537355
616,41.0,86.40102804540838,141.0,47.40102804540838
617,40.0,70.6116810254858,139.0,29.611681025485794
618,40.0,54.12554578168488,196.0,141.87445421831512
619,39.0,36.61099711439235,342.0,161.38900288560768
620,38.0,37.41095011133639,31.0,6.4109501113363905
621,37.0,37.07297508954086,149.0,6.072975089540861
622,36.0,37.689196013920984,196.0,158.310803986079
623,35.0,39.781227677868294,339.0,161.2187723221317
624,34.0,41.446108293806745,340.0,158.55389170619327
625,33.0,43.52217102972192,342.0,154.4778289702781
626,32.0,45.41130138429282,350.00000000000006,144.5886986157072
627,31.0,46.56965871723801,46.0,0.5696587172380134
628,30.0,49.535714043340725,46.0,3.5357140433407253
629,29.0,51.42002319684771,54.0,2.5799768031522916
630,28.0,54.99684218474104,56.0,1.0031578152589589
631,27.0,57.63345682342933,119.99999999999999,2.3665431765706657
632,26.0,60.01998690964379,57.00000000000001,3.0199869096437837
633,26.0,63.362563128844805,62.0,1.3625631288448048
634,25.0,67.33150424500464,50.0,17.331504245004638
635,25.0,69.7100432992509,43.99999999999999,25.710043299250906
636,24.0,72.68434431067998,63.0,9.684344310679975
637,24.0,75.39026625147093,58.0,17.390266251470933
638,24.0,79.84448828668465,43.99999999999999,35.84448828668466
639,24.0,82.35992181573462,54.0,28.359921815734623
640,23.0,85.88521135351236,349.0,105.11478864648764
641,23.0,88.6361469962726,198.00000000000003,109.36385300372743
642,23.0,92.18745094579877,52.00000000000001,35.81254905420123
643,24.0,96.08141138104496,45.0,38.91858861895504
644,24.0,100.28997132765244,50.0,29.710028672347562
645,24.0,104.23067298029325,139.0,34.76932701970675
646,25.0,106.4073442560283,345.0,88.59265574397173
647,25.0,110.14676953339634,33.0,36.85323046660366
648,26.0,113.25019121311689,146.0,32.74980878688311
649,27.0,116.0660166659649,36.0,27.933983334035105
650,27.0,118.99821295035534,36.0,25.001787049644662
651,28.0,121.41924774078987,143.0,21.58075225921013
652,29.0,123.33823593831713,144.0,20.661764061682874
653,28.0,331.98453598611445,46.0,197.98453598611442
654,27.0,331.37659702900675,146.0,185.37659702900675
655,26.0,329.3148910982029,227.0,16.314891098202907
656,24.0,328.58641061656573,222.0,10.586410616565729
657,23.0,326.19371334455445,224.0,10.193713344554453
658,22.0,324.6753689012691,227.0,11.67536890126911
659,21.0,322.5943122854203,309.0,13.594312285420301
660,20.0,320.4875140438817,232.0,12.487514043881617
661,18.0,317.76070486695806,21.999999999999996,159.76070486695806
662,17.0,314.2236783447125,17.0,151.22367834471245
663,16.0,311.5478146203549,168.0,143.54781462035493
664,15.0,304.6975185431455,18.0,142.69751854314552
665,15.0,292.3717462822026,243.0,4.628253717797406
666,15.0,283.77105481081776,194.0,62.22894518918224
667,15.0,301.07693676833003,8.0,129.07693676833
668,14.0,319.3285318605196,321.0,1.671468139480396
669,14.0,339.5787699217876,324.0,15.578769921787625
670,14.0,354.56407124532706,341.00000000000006,13.564071245327
671,14.0,346.493191310176,324.0,22.493191310175973
672,14.0,329.9055089743962,320.0,9.905508974396184
673,14.0,312.1234683878127,12.0,144.1234683878127
674,15.0,293.9138216076185,14.999999999999998,128.91382160761853
675,15.0,293.0359060259018,166.00000000000003,127.03590602590177
676,14.0,310.5605670855721,21.999999999999996,152.56056708557207
677,14.0,328.87475740589406,321.0,7.874757405894059
678,14.0,349.3950761171463,332.00000000000006,17.395076117146232
679,14.0,1.3169988889332263,195.00000000000003,193.6830011110668
680,14.0,346.2895888419195,323.0,23.28958884191951
681,14.0,332.00078882474105,320.0,12.00078882474105
682,14.0,313.664438881113,227.0,0.6644388811130284
683,15.0,294.50781662765996,162.0,132.50781662765996
684,15.0,277.455490855731,24.0,121.455490855731
685,16.0,264.65688036737714,230.99999999999997,33.65688036737717
686,17.0,247.98125720295783,319.0,26.981257202957835
687,17.0,235.20185564073947,209.00000000000003,26.20185564073944
688,18.0,221.32471384449957,206.00000000000003,15.324713844499541
689,19.0,210.02804173385647,333.0,3.0280417338564973
690,20.0,203.75091988479946,342.99999999999994,6.75091988479943
691,22.0,202.13601462563912,341.00000000000006,3.1360146256391204
692,23.0,200.1735073743757,129.0,71.1735073743757
693,25.0,198.49935749887499,341.00000000000006,0.5006425011250144
694,26.0,197.08830935767963,54.0,71.08830935767963
695,27.0,196.30520889546958,133.0,63.305208895469576
696,29.0,196.36208571240493,56.0,72.36208571240493
697,30.0,195.59175740511935,131.0,64.59175740511935
698,31.0,194.85134055118678,127.00000000000003,67.85134055118675
699,32.0,194.6989377271289,59.99999999999999,74.69893772712892
700,31.0,73.62633202007683,45.0,28.62633202007683
701,31.0,75.5517885224297,133.0,28.551788522429703
702,31.0,78.85993642710903,191.0,112.14006357289097
703,30.0,81.15928027874419,125.00000000000001,26.15928027874419
704,30.0,83.78895128430935,53.0,30.78895128430935
705,30.0,86.23920108843723,125.00000000000001,31.239201088437227
706,30.0,88.93064867907066,50.0,38.93064867907066
707,30.0,92.5866356790392,137.0,44.413364320960795
708,30.0,94.48311201279378,47.0,38.51688798720622
709,30.0,97.65027378254399,46.0,36.34972621745604
710,31.0,100.52983215474582,46.0,33.47016784525421
711,31.0,103.47338634567926,137.0,33.52661365432074
712,32.0,106.39786996810182,140.0,33.602130031898184
713,32.0,108.65792913459289,200.0,91.34207086540711
714,33.0,111.61052613353831,191.0,79.38947386646169
715,33.0,113.80204727194058,143.0,29.19795272805942
716,34.0,115.54701319051755,50.0,14.452986809482454
717,35.0,118.09516889654225,188.0,69.90483110345775
718,35.0,120.5423016792735,38.0,21.457698320726493
719,36.0,121.46618256037259,140.0,18.533817439627413
720,37.0,123.73834644108518,141.0,17.261653558914816
721,38.0,124.22944322748003,140.0,15.770556772519967
722,39.0,126.36598636338388,142.0,15.634013636616118
723,39.0,127.47511743457704,144.0,16.524882565422956
724,40.0,129.96132443894038,144.0,14.03867556105962
725,41.0,131.09419850534582,137.0,5.905801494654185
726,42.0,133.5071621854294,46.0,0.4928378145706347
727,43.0,135.1246050658401,143.0,7.875394934159914
728,44.0,282.0373688903847,195.00000000000003,62.9626311096153
729,44.0,280.05287506164785,146.0,134.05287506164785
730,44.0,279.39195312200985,141.0,138.39195312200985
731,43.0,277.01576112014254,140.0,137.01576112014254
732,43.0,274.99393851447934,140.0,134.99393851447934
733,43.0,271.9786705347471,142.0,129.9786705347471
734,43.0,269.806120411967,342.99999999999994,72.80612041196699
735,43.0,269.19800733950274,38.0,127.19800733950274
736,43.0,266.65147079914414,35.0,121.6514707991441
737,43.0,265.46237135300066,147.0,118.46237135300066
738,44.0,262.864411760243,142.0,120.864411760243
739,44.0,261.2981206314379,146.0,115.29812063143788
740,44.0,259.9042800357529,147.0,112.90428003575289
741,44.0,257.3979884670816,137.0,120.39798846708157
742,45.0,255.5561084706024,144.0,111.5561084706024
743,45.0,254.00810868691087,142.0,112.00810868691087
744,45.0,252.10004123411727,146.0,106.10004123411727
745,46.0,249.80533311845772,34.0,103.80533311845772
746,46.0,248.44273250258226,43.00000000000001,111.44273250258226
747,47.0,247.1145932402066,137.99999999999997,109.11459324020663
748,48.0,245.1826713875398,146.0,99.18267138753981
749,48.0,243.6507922245131,38.0,101.65079222451311
750,49.0,242.38809904847017,137.99999999999997,104.3880990484702
751,50.0,240.82578738066005,140.0,100.82578738066005
752,51.0,239.7053941790831,46.0,105.70539417908307
753,51.0,238.53407446842573,143.0,95.53407446842573
754,52.0,236.57143609479385,148.0,88.57143609479385
755,53.0,235.1461072274836,147.0,88.14610722748361
756,54.0,233.50779283193444,193.0,40.50779283193444
757,54.0,232.43838684525184,140.0,92.43838684525184
758,55.0,230.93015054687265,144.0,86.93015054687265
759,56.0,230.07833229573234,144.0,86.07833229573234
760,57.0,228.7469911229991,142.0,86.7469911229991
761,58.0,228.44370707935747,125.00000000000001,103.44370707935745
762,60.0,226.34745038365656,345.0,31.347450383656536
763,60.0,225.9185674289424,29.999999999999996,75.91856742894237
764,62.0,223.7802354481843,143.0,80.7802354481843
765,63.0,222.3486436523929,146.0,76.3486436523929
766,64.0,221.90857891610707,148.0,73.90857891610707
767,65.0,221.17781576556976,147.0,74.17781576556976
768,66.0,221.9134648657649,133.0,88.9134648657649
769,67.0,221.5191686286691,193.0,28.519168628669092
770,68.0,220.29204837645696,52.00000000000001,92.29204837645696
771,69.0,219.57920798951474,41.0,80.57920798951474
772,71.0,219.2816506401118,56.0,95.28165064011179
773,71.0,219.27963417097737,40.0,79.27963417097737
774,73.0,218.66764856165912,129.0,89.66764856165912
775,73.0,65.28678889885035,336.0,138.71321110114965
776,72.0,66.69427732966756,48.0,18.694277329667557
777,71.0,68.39860002269664,48.0,20.39860002269664
778,70.0,69.31497238832247,129.0,18.314972388322474
779,70.0,69.59411107568134,131.0,20.59411107568134
780,69.0,58.79154955062152,137.99999999999997,16.791549550621518
781,69.0,47.02406534796234,40.0,7.024065347962342
782,69.0,37.39658447281171,38.0,0.6034155271882895
783,68.0,28.465718052045183,145.00000000000003,6.534281947954817
784,67.0,27.895271297937295,140.0,12.104728702062705
785,65.0,28.431368439137692,38.0,9.568631560862308
786,64.0,28.48600485271884,141.0,10.513995147281161
787,63.0,28.824204202909506,36.0,7.175795797090494
788,61.0,28.916282130526888,148.0,3.083717869473112
789,60.0,29.115019589147025,141.0,9.884980410852975
790,59.0,29.81968492924408,35.0,5.1803150707559205
791,57.0,31.300221279712975,137.0,11.699778720287032
792,56.0,31.487838561659373,38.0,6.512161438340627
793,55.0,30.993493103547564,36.0,5.006506896452436
794,54.0,32.00106656654587,146.0,1.9989334334541269
795,52.0,32.243418950113245,144.0,3.756581049886755
796,51.0,33.161375353826045,38.0,4.838624646173955
797,50.0,33.12816572481602,143.0,3.8718342751839785
798,49.0,34.268555673659016,147.0,1.2685556736590158
799,47.0,34.571768551624366,142.0,3.4282314483756338
800,46.0,29.712518486462166,142.0,8.287481513537834
801,46.0,17.87438410010168,146.0,16.12561589989832
802,46.0,7.446922243732714,139.0,33.553077756267285
803,46.0,354.51875415018543,342.0,12.51875415018543
804,44.0,349.95024984553964,46.0,215.95024984553962
805,43.0,347.9030509014553,144.0,203.9030509014553
806,41.0,346.41261207659375,39.0,205.41261207659375
807,40.0,345.43919578606716,35.0,200.43919578606713
808,39.0,344.4047296122842,137.99999999999997,206.40472961228423
809,37.0,343.749518039549,196.0,0.2504819604510544
810,36.0,343.16295697352615,137.0,206.16295697352615
811,34.0,342.1348618977385,141.0,201.13486189773852
812,33.0,341.2869182129903,139.0,202.28691821299032
813,32.0,342.90018492875197,195.00000000000003,2.099815071248031
814,30.0,341.8906464347663,142.0,199.89064643476632
815,29.0,341.2674038125406,201.0,2.2674038125405787
816,28.0,340.0902895262267,206.00000000000003,6.090289526226741
817,26.0,338.85732143767274,333.0,5.857321437672738
818,25.0,337.4817145048952,205.0,2.4817145048951375
819,24.0,336.89942283303725,327.0,9.89942283303725
820,22.0,334.44240515486143,328.0,6.442405154861433
821,21.0,332.8543646638217,320.0,12.854364663821684
822,19.0,332.4699351735839,318.0,14.469935173583906
823,18.0,330.11688774288064,322.00000000000006,8.116887742880579
824,17.0,327.7702513676757,320.0,7.770251367675712
825,15.0,325.42071193005995,318.0,7.4207119300599516
826,14.0,323.28125103194617,226.00000000000003,9.28125103194617
827,13.0,320.4377726313203,318.0,2.4377726313202857
828,13.0,314.87804307991024,228.00000000000003,2.878043079910242
829,14.0,296.2108970170724,307.0,10.789102982927602
830,14.0,280.3639646037363,239.99999999999997,19.636035396263765
831,15.0,266.67922706187954,308.00000000000006,34.679227061879544
832,16.0,251.3499574766013,319.0,30.349957476601304
833,16.0,236.72421163576308,325.0,21.724211635763083
834,17.0,220.27057471323548,213.0,7.270574713235476
835,18.0,208.49098900484594,322.00000000000006,9.509010995154085
836,18.0,196.7864580018173,329.99999999999994,13.213541998182706
837,19.0,189.97897547434482,322.00000000000006,28.021024525655207
838,20.0,188.81712757402454,329.99999999999994,21.18287242597546
839,22.0,188.76538847873138,225.0,36.23461152126862
840,23.0,187.1572239562664,323.0,29.842776043733636
841,24.0,187.4478144810275,324.0,28.552185518972493
842,26.0,186.8314631916896,322.00000000000006,31.16853680831042
843,27.0,186.5458729908417,325.0,28.4541270091583
844,29.0,185.6835041341047,325.0,29.31649586589529
845,30.0,185.437702058556,329.0,25.562297941444
846,31.0,185.78587365222796,222.0,36.21412634777204
847,33.0,185.77179039313899,322.00000000000006,32.22820960686104
848,34.0,186.09712749623174,322.00000000000006,31.902872503768293
849,36.0,185.52304162124608,329.0,25.47695837875392
850,37.0,185.41101769646897,320.0,34.588982303531026
851,39.0,185.29676922505155,324.0,30.70323077494845
852,40.0,185.1626620718989,325.0,29.837337928101107
853,42.0,184.92269996072963,321.0,34.0773000392704
854,43.0,184.84308717950228,323.0,32.15691282049775
855,45.0,184.28969580569168,320.0,35.71030419430832
856,46.0,184.27509130762883,332.00000000000006,23.7249086923712
857,47.0,183.5426457153848,211.0,27.457354284615207
858,49.0,183.5799877516337,326.00000000000006,30.420012248366305
859,50.0,183.54542099046773,316.0,40.45457900953227
860,52.0,184.24688398717532,329.0,26.753116012824677
861,53.0,184.10897395241778,175.00000000000003,9.108973952417756
862,54.0,184.12369632021523,327.0,28.87630367978477
863,56.0,183.93206086790812,311.0,45.06793913209191
864,58.0,183.34750461353644,233.0,49.652495386463556
865,59.0,183.9736183598366,228.00000000000003,44.026381640163436
866,60.0,183.99806315540852,333.99999999999994,22.001936844591512
867,62.0,253.66788650457107,45.0,118.66788650457107
868,62.0,253.01554096917837,193.0,60.015540969178375
869,63.0,252.29192352078346,140.0,112.29192352078346
870,63.0,250.0119702855037,142.0,108.01197028550371
871,64.0,249.44232032026605,39.0,108.44232032026605
872,64.0,248.72675510839855,342.99999999999994,51.72675510839852
873,65.0,247.072424064227,142.0,105.072424064227
874,66.0,245.92735880033612,149.0,96.92735880033612
875,66.0,244.35684773985412,139.0,105.35684773985412
876,67.0,243.851136521453,37.0,100.85113652145299
877,67.0,9.164140574932887,140.0,30.835859425067113
878,65.0,10.672575980372969,320.0,209.32742401962702
879,64.0,9.687148246841977,318.0,212.31285175315801
880,62.0,10.545194894785764,225.0,214.45480510521423
881,61.0,10.731973084779476,222.0,211.26802691522053
882,59.0,10.982218291229577,212.0,201.01778170877043
883,58.0,11.171116516212477,213.0,201.82888348378754
884,56.0,11.318277739344886,315.0,213.6817222606551
885,55.0,12.097817354503391,319.0,208.90218264549662
886,54.0,12.217624411269002,319.0,208.78237558873099
887,53.0,11.756822709345375,307.0,221.24317729065461
888,51.0,12.698573367252303,225.0,212.3014266327477
889,50.0,12.29287548670236,319.0,208.70712451329763
890,48.0,13.257778373415295,318.0,208.7422216265847
891,47.0,12.893434956142611,229.99999999999997,217.10656504385736
892,45.0,13.974448444905832,323.0,203.02555155509418
893,44.0,14.291018246774664,220.0,205.70898175322534
894,42.0,14.5750503040365,223.0,208.4249496959635
895,41.0,14.164193601626577,316.0,209.83580639837342
896,40.0,15.296139809129764,318.0,206.70386019087024
897,38.0,15.238336311513297,221.0,205.7616636884867
898,37.0,15.711062146625862,227.0,211.28893785337414
899,35.0,16.127194101358057,226.00000000000003,209.87280589864196
900,34.0,16.762000841264875,321.0,202.23799915873516
901,33.0,18.057681555624338,322.00000000000006,199.9423184443757
902,31.0,18.127074443253637,311.0,210.8729255567464
903,30.0,19.51832757108605,233.0,213.48167242891395
904,29.0,20.3449803988695,220.0,199.6550196011305
905,28.0,20.32468905622999,225.0,204.67531094377
906,26.0,21.422489439432052,316.0,202.57751056056796
907,25.0,21.54796205759513,320.0,198.45203794240487
908,23.0,22.757242969231044,238.99999999999997,216.24275703076893
909,22.0,23.76949924924083,222.0,198.23050075075918
910,21.0,25.30253852900596,316.0,198.69746147099403
911,20.0,26.83582589547777,225.0,198.16417410452223
912,18.0,29.222366333457725,304.0,206.7776336665423
913,17.0,30.774675025332286,305.0,204.22532497466773
914,16.0,34.114837665790716,232.0,197.88516233420927
915,15.0,36.429331620253414,223.0,186.5706683797466
916,14.0,39.581445390552645,308.00000000000006,192.41855460944737
917,13.0,40.20913673889106,156.0,16.20913673889106
918,13.0,41.526174611262775,324.0,174.47382538873723
919,13.0,42.97707854947722,160.0,22.97707854947722
920,13.0,43.663100464668005,228.00000000000003,184.336899535332
921,13.0,44.60243704676851,322.00000000000006,173.39756295323153
922,13.0,43.36808304617399,318.0,178.63191695382602
923,13.0,42.799632355622656,312.0,185.20036764437737
924,13.0,39.10628409967333,304.0,196.8937159003267
925,13.0,35.44894597048859,299.00000000000006,205.55105402951145
926,13.0,28.674229982914873,230.99999999999997,202.3257700170851
927,13.0,20.68248941021291,311.0,208.3175105897871
928,13.0,14.212875605386383,318.0,207.7871243946136
929,13.0,7.231086836099128,317.00000000000006,215.76891316390086
930,13.0,358.91209977171985,224.0,42.91209977171985
931,13.0,349.1603293612884,209.00000000000003,18.160329361288404
932,13.0,342.77650817213737,150.00000000000003,192.77650817213734
933,13.0,340.79447699601826,29.0,189.79447699601826
934,13.0,338.47845478402985,25.0,183.47845478402985
935,13.0,338.18500746153063,42.0,200.18500746153066
936,13.0,336.0808871567026,156.0,180.0808871567026
937,13.0,333.996448674804,26.000000000000004,179.996448674804
938,13.0,332.54225789018994,154.00000000000003,178.54225789018992
939,13.0,330.6018878326148,26.000000000000004,176.60188783261478
940,13.0,329.1950617440786,148.0,181.1950617440786
941,13.0,328.9474957973126,28.0,176.94749579731263
942,13.0,328.26521195655175,27.0,175.26521195655175
943,13.0,326.60309582032147,328.0,1.396904179678529
944,14.0,325.0160425320121,27.0,172.01604253201208
945,14.0,320.805272305729,21.999999999999996,162.80527230572898
946,14.0,316.2024222850943,156.0,160.20242228509431
947,14.0,314.71373602818795,329.0,14.286263971812048
948,15.0,315.17058695020467,145.00000000000003,170.17058695020464
949,14.0,306.378705936275,208.00000000000003,25.62129406372503
950,13.0,289.52125910200135,206.00000000000003,44.47874089799859
951,12.0,258.90123885268247,346.0,64.90123885268247
952,13.0,252.45907463405362,201.0,51.45907463405362
953,13.0,246.3561418367006,150.00000000000003,96.35614183670057
954,14.0,240.2410385274228,194.0,46.2410385274228
955,15.0,234.81059495564293,29.999999999999996,84.8105949556429
956,15.0,228.93437861330133,41.0,89.93437861330133
957,16.0,224.62849475091988,142.0,82.62849475091988
958,17.0,221.24013334378418,34.0,75.24013334378418
959,18.0,217.67464655647174,149.0,68.67464655647174
960,19.0,214.44359011971602,147.0,67.44359011971602
961,20.0,212.81367697160454,43.00000000000001,75.81367697160454
962,22.0,209.66366652642552,143.0,66.66366652642552
963,23.0,206.5896426987085,38.0,64.5896426987085
964,24.0,204.00468457186088,144.0,60.00468457186088
965,25.0,201.5890361098665,146.0,55.5890361098665
966,24.0,211.1069563104965,345.0,16.106956310496486
967,24.0,223.51625771681006,345.0,28.51625771681003
968,23.0,235.62560932159906,338.0,33.62560932159906
969,22.0,249.72231605473314,320.0,29.72231605473314
970,21.0,267.18039992581663,327.0,54.18039992581663
971,20.0,282.48353528605094,329.0,46.51646471394906
972,20.0,300.7264504399353,209.00000000000003,30.27354956006468
973,20.0,315.7700575086876,329.0,13.229942491312386
974,19.0,325.5274306611283,226.00000000000003,11.527430661128278
975,18.0,322.80823727619537,229.99999999999997,12.80823727619537
976,17.0,318.92883706852047,327.0,8.071162931479535
977,17.0,315.4909601351705,317.00000000000006,1.5090398648295604
978,16.0,312.5577985284685,212.0,15.442201471531519
979,15.0,307.34922541596666,223.0,9.6507745840334
980,15.0,301.88829680987897,321.0,19.111703190121034
981,14.0,295.71229878867155,225.0,19.287701211328454
982,14.0,289.95927609773304,230.99999999999997,19.04072390226696
983,14.0,284.02753883001,315.0,30.972461169990027
984,13.0,276.9695724751832,318.0,41.03042752481679
985,13.0,270.10505609159134,318.0,47.89494390840866
986,13.0,263.8158025423146,317.00000000000006,40.8158025423146
987,14.0,256.9573072367585,317.00000000000006,33.95730723675848
988,14.0,250.96774396325048,323.0,33.967743963250456
989,15.0,248.798068878924,323.0,31.79806887892397
990,14.0,259.1352329515288,315.0,34.13523295152879
991,14.0,272.400285551807,220.0,47.599714448193026
992,13.0,284.20991573849875,228.00000000000003,27.79008426150125
993,13.0,289.9112359765144,316.0,26.088764023485624
994,12.0,282.0739862415194,221.0,36.92601375848062
995,12.0,274.9801228044198,324.0,49.01987719558019
996,12.0,267.04745112528207,327.0,54.047451125282066
997,13.0,261.4314703739905,293.0,14.431470373990521
998,13.0,253.89316288743584,315.0,28.893162887435835
999,14.0,247.90519526609913,229.99999999999997,17.905195266099156
1000,14.0,242.37186851524302,229.99999999999997,12.371868515243051
1001,15.0,237.07466936107744,316.0,13.07466936107744
1002,16.0,233.46749780409613,321.0,14.467497804096098
1003,17.0,228.53070758968718,220.0,8.530707589687182
1004,18.0,224.8287325155529,323.0,7.828732515552872
1005,19.0,220.3727208562109,326.00000000000006,6.37272085621089
1006,20.0,217.488352316004,323.0,0.4883523160039829
1007,21.0,213.95224107524743,312.0,14.0477589247526
1008,22.0,209.63836175321103,326.00000000000006,4.361638246788971
1009,23.0,207.53837871208944,319.0,13.46162128791056
1010,25.0,204.1772674021431,325.0,10.822732597856913
1011,26.0,201.71683345774605,318.0,20.28316654225395
1012,27.0,199.53269995912171,312.0,28.467300040878314
1013,28.0,198.14616164842982,222.0,23.853838351570175
1014,29.0,196.6500581089043,324.0,19.34994189109571
1015,31.0,194.80709627342677,224.0,29.192903726573235
1016,32.0,192.97478930184005,226.00000000000003,33.02521069815998
1017,33.0,191.24952989894166,318.0,30.75047010105834
1018,35.0,189.4097600915658,221.0,31.5902399084342
1019,35.0,191.7370594607432,224.0,32.26294053925679
1020,35.0,202.47740934745502,225.0,22.522590652544977
1021,35.0,214.73645891060386,317.00000000000006,8.263541089396142
1022,35.0,223.3445608891226,320.0,3.34456088912259
1023,35.0,223.60085600645255,226.00000000000003,2.399143993547483
1024,36.0,222.76079986182177,320.0,2.7607998618217664
1025,37.0,221.35322086036098,316.0,2.6467791396390226
1026,38.0,218.22339424458207,310.0,11.776605755417904
1027,39.0,216.4665954090791,226.00000000000003,9.533404590920924
1028,40.0,213.4220478490979,316.0,10.577952150902092
1029,42.0,211.8967191130361,221.0,9.103280886963887
1030,43.0,210.33036325668,215.0,4.669636743320012
1031,44.0,208.0183882243554,221.0,12.981611775644609
1032,45.0,206.04059896106762,321.0,12.959401038932413
1033,46.0,204.75006605124176,219.00000000000003,14.249933948758269
1034,48.0,202.39421540506837,322.00000000000006,15.605784594931663
1035,49.0,199.9291199999152,318.0,22.0708800000848
1036,50.0,197.96932552344504,20.0,37.969325523445036
1037,51.0,195.68737435684733,329.99999999999994,14.312625643152671
1038,52.0,193.9392094997331,216.0,22.060790500266904
1039,52.0,202.23961405723193,323.0,14.760385942768096
1040,52.0,215.46445069978162,323.0,1.5355493002184062
1041,51.0,225.9497425136454,323.0,8.949742513645361
1042,50.0,242.85427631843484,306.0,8.854276318434842
1043,49.0,248.78130984781677,226.00000000000003,22.781309847816743
1044,50.0,246.2248377891975,323.0,29.224837789197466
1045,51.0,243.88662524516027,226.00000000000003,17.886625245160246
1046,51.0,243.010851407323,223.0,20.010851407323003
1047,51.0,248.63478578637563,322.00000000000006,30.634785786375602
1048,51.0,258.087928353246,212.0,46.087928353246014
1049,50.0,270.2497847722275,209.00000000000003,60.750215227772514
1050,50.0,280.1722603091709,206.00000000000003,53.82773969082905
1051,50.0,276.0470498598917,205.0,58.952950140108385
1052,50.0,274.07899384365214,208.00000000000003,57.921006156347914
1053,50.0,271.24386727536574,209.00000000000003,59.756132724634256
1054,50.0,267.4600160504613,210.0,57.46001605046132
1055,50.0,263.9695714247588,25.0,108.96957142475878
1056,51.0,261.68352941004804,326.00000000000006,47.68352941004804
1057,51.0,258.61481120356035,325.0,43.61481120356035
1058,52.0,256.4095961704901,317.00000000000006,33.40959617049009
1059,53.0,255.81854278320895,227.0,28.818542783208954
1060,54.0,253.5545129944121,221.0,32.55451299441211
1061,54.0,250.5124901411285,327.0,37.512490141128495
1062,54.0,254.71177217579344,206.99999999999997,47.71177217579347
1063,53.0,264.2824092456672,201.0,63.282409245667225
1064,53.0,274.8629995079033,335.00000000000006,60.137000492096774
1065,52.0,285.4097575737337,203.0,51.590242426266286
1066,52.0,283.0621664698495,338.0,54.9378335301505
1067,52.0,281.5426040475653,337.0,55.457395952434695
1068,52.0,278.07564854536145,338.0,59.924351454638554
1069,52.0,275.0792971454376,333.0,57.92070285456242
1070,51.0,271.58626596250446,329.0,57.413734037495544
1071,52.0,268.66975652363624,209.00000000000003,59.66975652363621
1072,52.0,265.9273474838607,329.0,54.92734748386067
1073,52.0,262.08956737376036,328.0,50.08956737376036
1074,53.0,258.69883357437936,211.0,47.698833574379364
1075,53.0,257.03132610359165,209.00000000000003,48.031326103591624
1076,53.0,253.7152978365171,211.0,42.715297836517095
1077,54.0,251.1799047095488,214.0,37.179904709548794
1078,55.0,246.78842141808173,213.0,33.788421418081725
1079,55.0,245.02122422248914,327.0,32.02122422248914
1080,56.0,242.84164899104132,324.0,26.841648991041325
1081,57.0,239.9038466471505,319.0,18.903846647150488
1082,58.0,237.54584601131006,318.0,15.545846011310061
1083,59.0,234.5661842869709,218.00000000000003,16.566184286970866
1084,59.0,231.5788820347657,232.0,0.4211179652342878
1085,60.0,228.88631904142227,310.0,1.113680958577703
1086,61.0,226.22877090688675,311.0,2.771229093113277
1087,62.0,224.71526917989573,315.0,0.2847308201042722
1088,64.0,222.59100001349188,315.0,2.408999986508121
1089,65.0,221.1248930971767,220.0,1.1248930971767095
1090,64.0,228.42092754718962,328.0,16.42092754718962
1091,64.0,240.05194690926152,147.0,93.05194690926152
1092,63.0,251.01838235280326,221.0,30.018382352803258
1093,63.0,257.37435909461766,211.0,46.37435909461766
1094,63.0,253.73437210083654,216.0,37.73437210083654
1095,64.0,253.45086431388873,39.0,112.45086431388873
1096,65.0,250.0970389342848,209.00000000000003,41.09703893428477
1097,64.0,342.6778265570673,327.0,15.677826557067306
1098,62.0,340.2665332582474,211.0,11.26653325824742
1099,61.0,338.41808866877557,323.0,15.418088668775567
1100,60.0,336.00736799116083,226.00000000000003,22.007367991160834
1101,59.0,333.4127163411019,329.0,4.412716341101884
1102,58.0,331.48821638571695,321.0,10.488216385716953
1103,58.0,328.2241119814531,324.0,4.22411198145312
1104,57.0,326.89049366052586,208.00000000000003,5.109506339474194
1105,57.0,336.42570881516775,337.0,0.5742911848322478
1106,57.0,349.2684458337981,337.0,12.268445833798125
1107,57.0,2.7283044995581966,212.0,209.2716955004418
1108,58.0,17.174714580384176,209.00000000000003,191.82528541961585
1109,58.0,31.791243376771682,145.00000000000003,3.208756623228318
1110,59.0,42.877739736148065,345.0,152.12226026385196
1111,60.0,54.529858993575,45.0,9.529858993574997
1112,61.0,68.55286321385607,133.0,21.55286321385607
1113,61.0,76.41025064291492,50.0,26.410250642914917
1114,61.0,75.50001801276433,62.0,13.500018012764329
1115,60.0,75.21427945496514,51.0,24.214279454965137
1116,60.0,74.7720189687438,133.0,27.772018968743794
1117,60.0,73.63616057949062,46.0,27.63616057949062
1118,59.0,73.50536053930465,129.0,22.505360539304647
1119,59.0,72.63453795353071,45.0,27.63453795353071
1120,58.0,72.5128415693096,41.0,31.5128415693096
1121,58.0,71.2831268194989,45.0,26.283126819498904
1122,57.0,71.17591484945144,137.99999999999997,29.175914849451445
1123,57.0,316.70269762890405,48.0,184.70269762890405
1124,56.0,314.15879844602875,45.0,179.15879844602875
1125,55.0,311.2942379649975,43.99999999999999,175.29423796499748
1126,55.0,307.679424347228,46.0,173.67942434722798
1127,54.0,303.3577092549138,131.0,172.3577092549138
1128,53.0,300.3198524983669,45.0,165.3198524983669
1129,53.0,298.08751180454067,43.99999999999999,162.08751180454067
1130,52.0,294.4069021079789,348.0,53.59309789202109
1131,52.0,292.08549331682025,133.0,159.08549331682025
1132,51.0,62.316803579441384,142.0,24.316803579441384
1133,51.0,284.3363795858489,136.0,148.33637958584887
1134,50.0,60.65093692918729,137.99999999999997,18.65093692918729
1135,49.0,60.217742407781444,52.00000000000001,8.217742407781436
1136,49.0,59.97713583042066,137.99999999999997,17.977135830420657
1137,48.0,59.17683753285277,347.0,133.82316246714723
1138,47.0,58.15553969434328,43.99999999999999,14.15553969434329
1139,46.0,57.14450934812418,141.0,18.14450934812418
1140,46.0,57.19275756218037,193.0,135.80724243781964
1141,45.0,54.639764868541974,137.0,11.639764868541967
1142,44.0,55.432689952272895,348.0,136.56731004772712
1143,44.0,54.36206522527924,43.99999999999999,10.362065225279245
1144,43.0,54.720159578568705,43.99999999999999,10.720159578568712
1145,42.0,53.26551179923013,196.0,142.73448820076987
1146,41.0,52.70202392566251,47.0,5.702023925662509
1147,40.0,52.226900396046695,131.0,3.2269003960466947
1148,39.0,49.73607192588204,133.0,2.7360719258820367
1149,39.0,48.94624962522962,46.0,2.946249625229619
1150,38.0,47.990726907141735,45.0,2.9907269071417346
1151,37.0,47.706212540638276,56.0,8.293787459361724
1152,36.0,47.2607516347714,137.0,4.260751634771395
1153,35.0,45.729531470373395,43.99999999999999,1.7295314703734022
1154,34.0,45.2034157982101,140.0,5.203415798210102
1155,33.0,44.3970709088147,45.0,0.6029290911853025
1156,32.0,44.71816957409687,46.0,1.2818304259031308
1157,31.0,43.154878741870554,48.0,4.845121258129446
1158,30.0,42.097112301745746,45.0,2.902887698254254
1159,29.0,42.7790866639537,50.0,7.220913336046301
1160,27.0,40.37436876747596,46.0,5.625631232524043
1161,26.0,40.51169350821983,48.0,7.488306491780172
1162,25.0,40.36494126828946,49.0,8.635058731710537
1163,24.0,40.36954606997537,129.0,10.630453930024629
1164,23.0,40.89118686679232,53.0,12.108813133207683
1165,22.0,40.882727948448164,48.0,7.117272051551836
1166,21.0,41.029785569587226,51.0,9.970214430412774
1167,20.0,41.10973664329185,219.00000000000003,177.89026335670818
1168,19.0,40.92508321761415,322.00000000000006,177.07491678238588
1169,18.0,40.13166982455771,325.0,174.86833017544228
1170,18.0,46.57019092576919,323.0,170.42980907423083
1171,18.0,53.5253378507743,324.0,162.4746621492257
1172,18.0,66.06882326546975,206.99999999999997,140.93117673453023
1173,19.0,75.46524419969946,335.00000000000006,129.53475580030056
1174,19.0,88.2895541825426,40.0,48.2895541825426
1175,20.0,98.19303284560763,136.0,37.80696715439237
1176,20.0,98.12646323882875,136.0,37.87353676117125
1177,20.0,94.21860265995065,144.0,49.78139734004935
1178,20.0,99.2063229993608,146.0,46.79367700063921
1179,20.0,103.27597439144094,150.00000000000003,46.72402560855909
1180,20.0,106.70829424172958,28.0,45.291705758270425
1181,21.0,111.15216662818702,29.999999999999996,38.84783337181301
1182,21.0,114.35609974035754,322.00000000000006,103.64390025964249
1183,22.0,118.42999516956554,226.00000000000003,107.57000483043448
1184,22.0,122.29987754139944,226.00000000000003,103.70012245860059
1185,23.0,124.65636421575756,311.0,104.34363578424247
1186,24.0,128.13314890829224,316.0,95.86685109170776
1187,25.0,131.49530308655824,228.00000000000003,96.50469691344179
1188,26.0,132.06309393607506,232.0,99.93690606392494
1189,27.0,136.09854464810252,242.0,105.90145535189748
1190,28.0,137.3038159269907,241.00000000000003,103.69618407300933
1191,28.0,310.8175048479667,310.0,0.8175048479666884
1192,27.0,307.7943620937474,239.99999999999997,7.794362093747338
1193,27.0,305.9469151991511,245.00000000000003,10.946915199151078
1194,26.0,302.830476625393,244.0,6.830476625392976
1195,25.0,300.786088568319,297.0,3.7860885683189736
1196,24.0,297.80941730401753,321.0,23.19058269598247
1197,24.0,294.45302301985896,236.00000000000003,9.54697698014104
1198,23.0,291.82083516375246,308.00000000000006,16.179164836247594
1199,23.0,288.2816735953139,242.0,9.718326404686081
1200,23.0,284.1359999496713,225.0,30.864000050328684
1201,22.0,281.6516940141003,224.0,34.348305985899685
1202,22.0,278.2391734366021,224.0,37.76082656339793
1203,22.0,274.8794116684992,235.0,30.120588331500812
1204,22.0,271.09929444842095,307.0,35.90070555157905
1205,22.0,267.79228159391306,226.00000000000003,41.79228159391303
1206,22.0,264.01982386376466,226.00000000000003,38.01982386376463
1207,23.0,261.6032799636434,323.0,44.60327996364336
1208,23.0,257.4598407702216,324.0,41.459840770221604
1209,23.0,253.66688230165266,215.0,38.66688230165266
1210,24.0,250.3903429655811,323.0,33.390342965581084
1211,24.0,246.855610610969,325.0,31.855610610968995
1212,25.0,244.63611039449245,154.00000000000003,90.63611039449242
1213,26.0,241.59501390468898,235.0,6.595013904688983
1214,27.0,238.91418092231388,13.000000000000002,71.9141809223139
1215,27.0,235.32240724041299,329.0,24.322407240412986
1216,28.0,232.72641194521321,328.0,20.726411945213215
1217,29.0,231.86358414821711,226.00000000000003,5.863584148217086
1218,30.0,229.47826761286814,215.0,14.478267612868137
1219,31.0,228.92092228067906,16.0,64.92092228067906
1220,32.0,226.05700794462066,23.0,69.05700794462066
1221,34.0,224.7492810198971,158.0,66.7492810198971
1222,34.0,222.76585881457657,227.0,4.234141185423425
1223,36.0,221.64433556074695,26.000000000000004,67.64433556074692
1224,37.0,220.6510231147993,227.0,6.348976885200699
1225,38.0,219.2148401106767,224.0,4.785159889323296
1226,39.0,217.07694081240294,226.00000000000003,8.92305918759709
1227,40.0,216.5538717182019,322.00000000000006,1.4461282817981385
1228,42.0,215.2427357296857,214.0,1.2427357296857053
1229,43.0,214.8107421317626,216.0,1.189257868237405
1230,44.0,214.53381950861404,213.0,1.5338195086140445
1231,45.0,203.83374775024575,216.0,12.166252249754251
1232,45.0,191.84837065923742,145.00000000000003,46.84837065923739
1233,45.0,177.0521779757797,34.0,31.0521779757797
1234,45.0,159.78602478720936,25.0,4.786024787209357
1235,44.0,151.94474833253307,324.0,64.05525166746693
1236,44.0,164.751688510785,327.0,48.24831148921501
1237,44.0,176.71621949732827,217.00000000000003,40.28378050267176
1238,44.0,192.9564410876113,160.0,32.956441087611296
1239,43.0,208.58026963219632,217.00000000000003,8.419730367803709
1240,43.0,225.28977292742258,318.0,3.2897729274225753
1241,42.0,238.3155571521138,221.0,17.315557152113797
1242,41.0,254.12076304111338,217.00000000000003,37.12076304111335
1243,40.0,269.38643282728714,326.00000000000006,55.38643282728714
1244,40.0,286.81911873867796,327.0,40.18088126132204
1245,39.0,305.3279789088021,328.0,22.672021091197905
1246,39.0,319.0854606955269,214.0,6.91453930447318
1247,39.0,336.7917625317151,29.999999999999996,186.79176253171508
1248,39.0,352.72406366648835,328.0,24.724063666488348
1249,37.0,353.0371620823394,160.0,193.03716208233942
1250,36.0,352.23482244997143,155.0,197.23482244997143
1251,35.0,353.9668936509384,342.0,11.966893650938403
1252,33.0,353.16543280843416,341.00000000000006,12.165432808434105
1253,32.0,352.7917310931024,19.0,191.79173109310236
1254,30.0,352.27689372416967,222.0,34.27689372416967
1255,29.0,351.83128128635883,205.0,16.831281286358774
1256,27.0,352.1466868742682,341.00000000000006,11.146686874268141
1257,26.0,351.878323215825,209.00000000000003,20.87832321582499
1258,24.0,350.9861718997006,211.0,21.986171899700594
1259,23.0,349.76521922945756,327.0,22.765219229457557
1260,21.0,349.1544211394617,327.0,22.154421139461704
1261,20.0,347.4767419335418,320.0,27.476741933541803
1262,19.0,346.78767435665026,320.0,26.787674356650257
1263,17.0,345.0241009262615,221.0,26.024100926261497
1264,16.0,343.77272581409045,327.0,16.77272581409045
1265,14.0,342.73576413188846,190.0,7.264235868111598
1266,13.0,341.97334665358176,13.000000000000002,174.97334665358179
1267,13.0,346.6542890211661,188.0,5.345710978833836
1268,13.0,2.3353334114294473,185.0,182.66466658857055
1269,13.0,21.409022116377397,195.00000000000003,173.59097788362263
1270,14.0,43.11872920750819,34.0,9.118729207508188
1271,14.0,57.306745884258525,32.0,25.306745884258525
1272,15.0,75.39188771774094,346.0,118.60811228225906
1273,16.0,91.44968972308743,347.0,101.55031027691257
1274,16.0,107.15647124443453,41.0,31.843528755565472
1275,17.0,125.0361751165705,38.0,16.963824883429496
1276,18.0,129.6480818047709,142.0,12.351918195229104
1277,19.0,134.6871859204282,144.0,9.312814079571808
1278,20.0,138.1545604558506,200.0,61.8454395441494
1279,21.0,140.8198665912923,206.00000000000003,65.18013340870772
1280,22.0,142.688071096522,204.0,61.31192890347799
1281,23.0,144.80651289453186,29.999999999999996,5.193487105468165
1282,25.0,146.756056679538,151.0,4.2439433204619945
1283,26.0,148.6639681391552,198.00000000000003,49.33603186084483
1284,27.0,150.09260982466006,144.0,6.092609824660059
1285,28.0,151.33847313714932,39.0,10.338473137149322
1286,29.0,151.96570857541334,39.0,10.965708575413345
1287,31.0,153.41107565456667,137.0,16.411075654566673
1288,32.0,154.2130771998681,143.0,11.21307719986811
1289,34.0,156.0994321237001,143.0,13.099432123700097
1290,35.0,156.4767909826304,43.00000000000001,19.476790982630405
1291,36.0,157.05620844071362,144.0,13.056208440713618
1292,38.0,159.35874572135356,39.0,18.358745721353557
1293,39.0,159.85247797465897,32.0,11.852477974658967
1294,41.0,160.92245961326222,45.0,25.92245961326222
1295,42.0,161.1315460276992,50.0,31.131546027699187
1296,43.0,161.5807962516768,46.0,27.58079625167676
1297,43.0,150.98409248704127,137.0,13.984092487041266
1298,43.0,135.90409950103276,146.0,10.09590049896724
1299,42.0,119.16422938962944,129.0,9.83577061037056
1300,41.0,108.11093278666249,195.00000000000003,86.88906721333754
1301,41.0,90.85006861748771,179.0,88.14993138251229
1302,40.0,74.92225013669776,45.0,29.922250136697755
1303,40.0,74.97520393654852,196.0,121.02479606345148
1304,39.0,76.43437246917435,351.0,112.56562753082565
1305,39.0,77.22047448942786,345.0,117.77952551057217
1306,39.0,79.28145851754579,53.0,26.281458517545786
1307,38.0,82.19905837972959,350.00000000000006,107.80094162027041
1308,38.0,84.38812499460478,43.99999999999999,40.38812499460479
1309,38.0,86.5340835438281,45.0,41.5340835438281
1310,38.0,88.42319148096706,351.0,100.57680851903294
1311,38.0,90.47187813495285,129.0,38.528121865047154
1312,38.0,92.41864682086597,347.0,100.58135317913403
1313,38.0,94.62033600917982,47.0,38.37966399082018
1314,39.0,2.218991379640136,339.0,198.78100862035987
1315,38.0,2.3811149497338557,139.0,38.618885050266144
1316,36.0,3.6993439345741077,29.0,25.30065606542589
1317,34.0,3.3441820465280583,142.0,34.65581795347194
1318,33.0,4.67490870939779,31.0,26.32509129060221
1319,31.0,5.021485324427291,137.0,37.97851467557272
1320,30.0,4.711909035714834,146.0,29.288090964285168
1321,29.0,5.542602008516787,40.0,34.45739799148321
1322,27.0,5.916729184857307,148.0,26.083270815142694
1323,26.0,8.030192906835447,150.00000000000003,21.969807093164547
1324,25.0,8.53656958259858,32.0,23.46343041740142
1325,23.0,9.501694733397866,146.0,24.498305266602134
1326,22.0,11.246732102037365,153.0,15.753267897962635
1327,20.0,10.679385142584692,42.0,31.320614857415308
1328,19.0,12.798722601609693,47.0,34.2012773983903
1329,17.0,12.36913521597637,35.0,22.63086478402363
1330,16.0,14.082084333916233,37.0,22.917915666083765
1331,15.0,17.175354305308435,42.0,24.824645694691565
1332,13.0,18.214979189198115,38.0,19.785020810801885
1333,13.0,18.776815793306987,323.0,198.22318420669305
1334,13.0,18.842765666400435,316.0,205.15723433359958
1335,13.0,13.449684696165209,309.0,217.55031530383476
1336,13.0,355.4227160020611,227.0,42.42271600206112
1337,14.0,342.8141398899174,316.0,26.814139889917385
1338,14.0,325.5050666647402,226.00000000000003,11.505066664740184
1339,14.0,313.4651628054628,312.0,1.4651628054627963
1340,13.0,316.529115377493,210.0,13.470884622506958
1341,13.0,322.5761382988453,43.99999999999999,186.5761382988453
1342,13.0,334.80588350703425,9.0,163.80588350703425
1343,12.0,352.31581483283804,156.0,196.31581483283804
1344,12.0,10.414282222135622,192.0,181.58571777786437
1345,13.0,27.48470197096446,191.0,163.51529802903553
1346,14.0,44.47141401170518,344.00000000000006,151.52858598829482
1347,13.0,60.709083723888,338.0,141.290916276112
1348,14.0,80.40056769393182,144.0,44.40056769393182
1349,15.0,92.06680591058164,157.0,64.93319408941836
1350,15.0,109.0126872330349,20.0,50.987312766965104
1351,16.0,125.03736123778786,150.00000000000003,24.962638762212165
1352,16.0,139.43837525610778,27.0,13.561624743892224
1353,18.0,143.7431677338524,324.0,72.2568322661476
1354,18.0,145.79730248049898,212.0,66.20269751950102
1355,20.0,149.15841815154346,219.00000000000003,69.84158184845657
1356,21.0,150.48841760910923,17.0,12.511582390890794
1357,22.0,153.28779380439997,26.000000000000004,0.7122061956000607
1358,23.0,154.93234233552158,213.0,58.06765766447842
1359,25.0,156.09421648563884,327.0,56.90578351436116
1360,26.0,157.625367178168,161.00000000000003,3.374632821832023
1361,27.0,158.93714486940257,333.99999999999994,47.062855130597455
1362,29.0,160.18112224584925,332.00000000000006,47.818877754150776
1363,30.0,162.65135475453425,164.99999999999997,2.3486452454657183
1364,31.0,162.21093833017954,168.0,5.789061669820455
1365,33.0,163.02137750277134,311.0,65.97862249722868
1366,34.0,163.92036055487492,315.0,61.07963944512508
1367,36.0,166.11481087806624,326.00000000000006,47.88518912193376
1368,37.0,165.93962406616816,158.0,7.9396240661681645
1369,38.0,166.23291881391592,323.0,50.76708118608411
1370,38.0,178.99886551411055,323.0,38.00113448588948
1371,38.0,194.40974901483108,221.0,26.59025098516892
1372,37.0,210.76436067264865,319.0,10.23563932735135
1373,37.0,222.48124409312675,327.0,9.481244093126747
1374,36.0,235.95593946136069,326.00000000000006,21.955939461360686
1375,36.0,248.34511568097838,332.00000000000006,40.34511568097835
1376,36.0,249.8816629606141,233.0,16.881662960614108
1377,36.0,248.99739222690707,319.0,27.997392226907067
1378,37.0,248.39049183501336,333.0,41.39049183501339
1379,38.0,245.9757336493721,322.00000000000006,27.975733649372074
1380,38.0,243.282011597238,321.0,24.282011597237982
1381,39.0,241.93707127340497,225.0,16.937071273404968
1382,40.0,239.5496681917183,227.0,12.549668191718297
1383,41.0,238.02058819438054,322.00000000000006,20.020588194380508
1384,41.0,235.63923066641274,230.99999999999997,4.639230666412772
1385,42.0,234.14887203871848,229.00000000000003,5.1488720387184514
1386,43.0,233.10036444139394,319.0,12.100364441393936
1387,44.0,230.29705039794905,226.00000000000003,4.297050397949022
1388,45.0,230.31767734029157,316.0,6.317677340291567
1389,44.0,308.7377239221113,321.0,12.262276077888714
1390,43.0,307.0604589224277,320.0,12.9395410775723
1391,42.0,305.3443614839772,221.0,13.655638516022805
1392,42.0,303.06972380666986,315.0,11.930276193330144
1393,41.0,301.5793709913796,311.0,9.42062900862038
1394,40.0,299.0540136873449,310.0,10.945986312655123
1395,40.0,297.0728619813668,227.0,15.927138018633173
1396,39.0,294.6145371315854,222.0,23.385462868414606
1397,38.0,292.22319615330287,227.0,20.776803846697135
1398,38.0,290.4406343516213,220.0,29.559365648378673
1399,38.0,288.30019845336176,221.0,30.69980154663824
1400,37.0,286.1053636700498,321.0,34.894636329950174
1401,37.0,283.27639778591936,229.99999999999997,26.723602214080643
1402,37.0,281.01375813859914,226.00000000000003,32.986241861400856
1403,36.0,279.1725855472728,213.0,47.827414452727226
1404,36.0,277.2729020553161,212.0,50.72709794468392
1405,36.0,274.6650729599967,229.99999999999997,35.33492704000332
1406,36.0,271.7195649369436,322.00000000000006,50.28043506305647
1407,36.0,269.83472005598725,317.00000000000006,46.83472005598725
1408,36.0,269.02131988019045,322.00000000000006,51.02131988019042
1409,36.0,266.12274002224325,215.0,51.12274002224325
1410,36.0,263.8770754742629,320.0,43.87707547426288
1411,37.0,262.01681333594496,322.00000000000006,44.01681333594493
1412,37.0,259.73842967849026,226.00000000000003,33.738429678490235
1413,37.0,258.78807083237797,324.0,42.78807083237797
1414,38.0,256.37087141816687,215.0,41.37087141816687
1415,38.0,253.01381604072253,316.0,29.01381604072253
1416,39.0,251.7169760619317,322.00000000000006,33.71697606193166
1417,39.0,251.91103055767428,222.0,29.91103055767428
1418,38.0,267.2714027066678,320.0,47.2714027066678
1419,38.0,284.1088880218395,329.0,44.891111978160495
1420,37.0,302.5151963959526,158.0,144.51519639595261
1421,37.0,319.3474532296415,149.0,170.34745322964147
1422,36.0,330.45448671648074,24.0,174.45448671648074
1423,36.0,343.119095368603,333.99999999999994,9.119095368603041
1424,35.0,343.7967161130031,340.0,3.7967161130030718
1425,33.0,343.80031917539014,333.0,10.800319175390143
1426,32.0,343.77462287515345,325.0,18.774622875153455
1427,31.0,343.76985325391394,329.99999999999994,13.769853253913993
1428,29.0,343.13786671870497,206.99999999999997,10.13786671870497
1429,28.0,342.4068727657027,206.99999999999997,9.406872765702701
1430,26.0,342.2007575631165,325.0,17.200757563116497
1431,25.0,341.08899347223047,326.00000000000006,15.088993472230413
1432,24.0,340.2704478450676,324.0,16.270447845067622
1433,22.0,339.0971090619485,214.0,13.097109061948458
1434,21.0,337.33111073759363,324.0,13.331110737593633
1435,19.0,336.62222031345163,216.0,12.622220313451635
1436,18.0,334.20774512993745,223.0,17.207745129937393
1437,17.0,332.5723522515085,316.0,16.572352251508505
1438,15.0,330.6873072493492,18.0,168.6873072493492
1439,14.0,327.4098186114748,304.0,23.409818611474805
1440,13.0,323.1986987373656,308.00000000000006,15.198698737365532
